Position,5IKQ_1|Chains,gcf1,gcf2,gcf3,gcf4,gcf5,AA_Counts,Conservation_Percentage,Mutation_Status,Mutation_Type
1,-,M,M,M,M,M,-=1; M=5,83.33%,Mutation,Insertion
2,-,L,L,L,L,L,-=1; L=5,83.33%,Mutation,Insertion
3,-,A,A,A,A,A,-=1; A=5,83.33%,Mutation,Insertion
4,-,R,R,R,R,R,-=1; R=5,83.33%,Mutation,Insertion
5,-,A,A,A,A,A,-=1; A=5,83.33%,Mutation,Insertion
6,-,L,L,L,L,L,-=1; L=5,83.33%,Mutation,Insertion
7,-,L,L,L,L,L,-=1; L=5,83.33%,Mutation,Insertion
8,-,L,L,L,L,L,-=1; L=5,83.33%,Mutation,Insertion
9,-,C,C,C,C,C,-=1; C=5,83.33%,Mutation,Insertion
10,-,A,A,A,A,A,-=1; A=5,83.33%,Mutation,Insertion
11,-,V,V,V,V,V,-=1; V=5,83.33%,Mutation,Insertion
12,-,L,L,L,L,L,-=1; L=5,83.33%,Mutation,Insertion
13,-,A,A,A,A,A,-=1; A=5,83.33%,Mutation,Insertion
14,-,L,L,L,L,L,-=1; L=5,83.33%,Mutation,Insertion
15,-,S,S,S,S,S,-=1; S=5,83.33%,Mutation,Insertion
16,-,H,H,H,H,H,-=1; H=5,83.33%,Mutation,Insertion
17,-,T,T,T,T,T,-=1; T=5,83.33%,Mutation,Insertion
18,-,A,A,A,A,A,-=1; A=5,83.33%,Mutation,Insertion
19,N,N,N,N,N,N,N=6,100.00%,No Mutation,None
20,P,P,P,P,P,P,P=6,100.00%,No Mutation,None
21,C,C,C,C,C,C,C=6,100.00%,No Mutation,None
22,C,C,C,C,C,C,C=6,100.00%,No Mutation,None
23,S,S,S,S,S,S,S=6,100.00%,No Mutation,None
24,H,H,H,H,H,H,H=6,100.00%,No Mutation,None
25,P,P,P,P,P,P,P=6,100.00%,No Mutation,None
26,C,C,C,C,C,C,C=6,100.00%,No Mutation,None
27,Q,Q,Q,Q,Q,Q,Q=6,100.00%,No Mutation,None
28,N,N,N,N,N,N,N=6,100.00%,No Mutation,None
29,R,R,R,R,R,R,R=6,100.00%,No Mutation,None
30,G,G,G,G,G,G,G=6,100.00%,No Mutation,None
31,V,V,V,V,V,V,V=6,100.00%,No Mutation,None
32,C,C,C,C,C,C,C=6,100.00%,No Mutation,None
33,M,M,M,M,M,M,M=6,100.00%,No Mutation,None
34,S,S,S,S,S,S,S=6,100.00%,No Mutation,None
35,V,V,V,V,V,V,V=6,100.00%,No Mutation,None
36,G,G,G,G,G,G,G=6,100.00%,No Mutation,None
37,F,F,F,F,F,F,F=6,100.00%,No Mutation,None
38,D,D,D,D,D,D,D=6,100.00%,No Mutation,None
39,Q,Q,Q,Q,Q,Q,Q=6,100.00%,No Mutation,None
40,Y,Y,Y,Y,Y,Y,Y=6,100.00%,No Mutation,None
41,K,K,K,K,K,K,K=6,100.00%,No Mutation,None
42,C,C,C,C,C,C,C=6,100.00%,No Mutation,None
43,D,D,D,D,D,D,D=6,100.00%,No Mutation,None
44,C,C,C,C,C,C,C=6,100.00%,No Mutation,None
45,T,T,T,T,T,T,T=6,100.00%,No Mutation,None
46,R,R,R,R,R,R,R=6,100.00%,No Mutation,None
47,T,T,T,T,T,T,T=6,100.00%,No Mutation,None
48,G,G,G,G,G,G,G=6,100.00%,No Mutation,None
49,F,F,F,F,F,F,F=6,100.00%,No Mutation,None
50,Y,Y,Y,Y,Y,Y,Y=6,100.00%,No Mutation,None
51,G,G,G,G,G,G,G=6,100.00%,No Mutation,None
52,E,E,E,E,E,E,E=6,100.00%,No Mutation,None
53,N,N,N,N,N,N,N=6,100.00%,No Mutation,None
54,C,C,C,C,C,C,C=6,100.00%,No Mutation,None
55,S,S,S,S,S,S,S=6,100.00%,No Mutation,None
56,T,T,T,T,T,T,T=6,100.00%,No Mutation,None
57,P,P,P,P,P,P,P=6,100.00%,No Mutation,None
58,E,E,E,E,E,E,E=6,100.00%,No Mutation,None
59,F,F,F,F,F,F,F=6,100.00%,No Mutation,None
60,L,L,L,L,L,L,L=6,100.00%,No Mutation,None
61,T,T,T,T,T,T,T=6,100.00%,No Mutation,None
62,R,R,R,R,R,R,R=6,100.00%,No Mutation,None
63,I,I,I,I,I,I,I=6,100.00%,No Mutation,None
64,K,K,K,K,K,K,K=6,100.00%,No Mutation,None
65,L,L,L,L,L,L,L=6,100.00%,No Mutation,None
66,F,F,F,F,F,F,F=6,100.00%,No Mutation,None
67,L,L,L,L,L,L,L=6,100.00%,No Mutation,None
68,K,K,K,K,K,K,K=6,100.00%,No Mutation,None
69,P,P,P,P,P,P,P=6,100.00%,No Mutation,None
70,T,T,T,T,T,T,T=6,100.00%,No Mutation,None
71,P,P,P,P,P,P,P=6,100.00%,No Mutation,None
72,N,N,N,N,N,N,N=6,100.00%,No Mutation,None
73,T,T,T,T,T,T,T=6,100.00%,No Mutation,None
74,V,V,V,V,V,V,V=6,100.00%,No Mutation,None
75,H,H,H,H,H,H,H=6,100.00%,No Mutation,None
76,Y,Y,Y,Y,Y,Y,Y=6,100.00%,No Mutation,None
77,I,I,I,I,I,I,I=6,100.00%,No Mutation,None
78,L,L,L,L,L,L,L=6,100.00%,No Mutation,None
79,T,T,T,T,T,T,T=6,100.00%,No Mutation,None
80,H,H,H,H,H,H,H=6,100.00%,No Mutation,None
81,F,F,F,F,F,F,F=6,100.00%,No Mutation,None
82,K,K,K,K,K,K,K=6,100.00%,No Mutation,None
83,G,G,G,G,G,G,G=6,100.00%,No Mutation,None
84,F,F,F,F,F,F,F=6,100.00%,No Mutation,None
85,W,W,W,W,W,W,W=6,100.00%,No Mutation,None
86,N,N,N,N,N,N,N=6,100.00%,No Mutation,None
87,V,V,V,V,V,V,V=6,100.00%,No Mutation,None
88,V,V,V,V,V,V,V=6,100.00%,No Mutation,None
89,N,N,N,N,N,N,N=6,100.00%,No Mutation,None
90,N,N,N,N,N,N,N=6,100.00%,No Mutation,None
91,I,I,I,I,I,I,I=6,100.00%,No Mutation,None
92,P,P,P,P,P,P,P=6,100.00%,No Mutation,None
93,F,F,F,F,F,F,F=6,100.00%,No Mutation,None
94,L,L,L,L,L,L,L=6,100.00%,No Mutation,None
95,R,R,R,R,R,R,R=6,100.00%,No Mutation,None
96,N,N,N,N,N,N,N=6,100.00%,No Mutation,None
97,A,A,A,A,A,A,A=6,100.00%,No Mutation,None
98,I,I,I,I,I,I,I=6,100.00%,No Mutation,None
99,M,M,M,M,M,M,M=6,100.00%,No Mutation,None
100,S,S,S,S,S,S,S=6,100.00%,No Mutation,None
101,Y,Y,Y,Y,Y,Y,Y=6,100.00%,No Mutation,None
102,V,V,V,V,V,V,V=6,100.00%,No Mutation,None
103,L,L,L,L,L,L,L=6,100.00%,No Mutation,None
104,T,T,T,T,T,T,T=6,100.00%,No Mutation,None
105,S,S,S,S,S,S,S=6,100.00%,No Mutation,None
106,R,R,R,R,R,R,R=6,100.00%,No Mutation,None
107,S,S,S,S,S,S,S=6,100.00%,No Mutation,None
108,H,H,H,H,H,H,H=6,100.00%,No Mutation,None
109,L,L,L,L,L,L,L=6,100.00%,No Mutation,None
110,I,I,I,I,I,I,I=6,100.00%,No Mutation,None
111,D,D,D,D,D,D,D=6,100.00%,No Mutation,None
112,S,S,S,S,S,S,S=6,100.00%,No Mutation,None
113,P,P,P,P,P,P,P=6,100.00%,No Mutation,None
114,P,P,P,P,P,P,P=6,100.00%,No Mutation,None
115,T,T,T,T,T,T,T=6,100.00%,No Mutation,None
116,Y,Y,Y,Y,Y,Y,Y=6,100.00%,No Mutation,None
117,N,N,N,N,N,N,N=6,100.00%,No Mutation,None
118,A,A,A,A,A,A,A=6,100.00%,No Mutation,None
119,D,D,D,D,D,D,D=6,100.00%,No Mutation,None
120,Y,Y,Y,Y,Y,Y,Y=6,100.00%,No Mutation,None
121,G,G,G,G,G,G,G=6,100.00%,No Mutation,None
122,Y,Y,Y,Y,Y,Y,Y=6,100.00%,No Mutation,None
123,K,K,K,K,K,K,K=6,100.00%,No Mutation,None
124,S,S,S,S,S,S,S=6,100.00%,No Mutation,None
125,W,W,W,W,W,W,W=6,100.00%,No Mutation,None
126,E,E,E,E,E,E,E=6,100.00%,No Mutation,None
127,A,A,A,A,A,A,A=6,100.00%,No Mutation,None
128,F,F,F,F,F,F,F=6,100.00%,No Mutation,None
129,S,S,S,S,S,S,S=6,100.00%,No Mutation,None
130,N,N,N,N,N,N,N=6,100.00%,No Mutation,None
131,L,L,L,L,L,L,L=6,100.00%,No Mutation,None
132,S,S,S,S,S,S,S=6,100.00%,No Mutation,None
133,Y,Y,Y,Y,Y,Y,Y=6,100.00%,No Mutation,None
134,Y,Y,Y,Y,Y,Y,Y=6,100.00%,No Mutation,None
135,T,T,T,T,T,T,T=6,100.00%,No Mutation,None
136,R,R,R,R,R,R,R=6,100.00%,No Mutation,None
137,A,A,A,A,A,A,A=6,100.00%,No Mutation,None
138,L,L,L,L,L,L,L=6,100.00%,No Mutation,None
139,P,P,P,P,P,P,P=6,100.00%,No Mutation,None
140,P,P,P,P,P,P,P=6,100.00%,No Mutation,None
141,V,V,V,V,V,V,V=6,100.00%,No Mutation,None
142,P,P,P,P,P,P,P=6,100.00%,No Mutation,None
143,D,D,D,D,D,D,D=6,100.00%,No Mutation,None
144,D,D,D,D,D,D,D=6,100.00%,No Mutation,None
145,C,C,C,C,C,C,C=6,100.00%,No Mutation,None
146,P,P,P,P,P,P,P=6,100.00%,No Mutation,None
147,T,T,T,T,T,T,T=6,100.00%,No Mutation,None
148,P,P,P,P,P,P,P=6,100.00%,No Mutation,None
149,L,L,L,L,L,L,L=6,100.00%,No Mutation,None
150,G,G,G,G,G,G,G=6,100.00%,No Mutation,None
151,V,V,V,V,V,V,V=6,100.00%,No Mutation,None
152,K,K,K,K,K,K,K=6,100.00%,No Mutation,None
153,G,G,G,G,G,G,G=6,100.00%,No Mutation,None
154,K,K,K,K,K,K,K=6,100.00%,No Mutation,None
155,K,K,K,K,K,K,K=6,100.00%,No Mutation,None
156,Q,Q,Q,Q,Q,Q,Q=6,100.00%,No Mutation,None
157,L,L,L,L,L,L,L=6,100.00%,No Mutation,None
158,P,P,P,P,P,P,P=6,100.00%,No Mutation,None
159,D,D,D,D,D,D,D=6,100.00%,No Mutation,None
160,S,S,S,S,S,S,S=6,100.00%,No Mutation,None
161,N,N,N,N,N,N,N=6,100.00%,No Mutation,None
162,E,E,E,E,E,E,E=6,100.00%,No Mutation,None
163,I,I,I,I,I,I,I=6,100.00%,No Mutation,None
164,V,V,V,V,V,V,V=6,100.00%,No Mutation,None
165,E,E,E,E,E,E,E=6,100.00%,No Mutation,None
166,K,K,K,K,K,K,K=6,100.00%,No Mutation,None
167,L,L,L,L,L,L,L=6,100.00%,No Mutation,None
168,L,L,L,L,L,L,L=6,100.00%,No Mutation,None
169,L,L,L,L,L,L,L=6,100.00%,No Mutation,None
170,R,R,R,R,R,R,R=6,100.00%,No Mutation,None
171,R,R,R,R,R,R,R=6,100.00%,No Mutation,None
172,K,K,K,K,K,K,K=6,100.00%,No Mutation,None
173,F,F,F,F,F,F,F=6,100.00%,No Mutation,None
174,I,I,I,I,I,I,I=6,100.00%,No Mutation,None
175,P,P,P,P,P,P,P=6,100.00%,No Mutation,None
176,D,D,D,D,D,D,D=6,100.00%,No Mutation,None
177,P,P,P,P,P,P,P=6,100.00%,No Mutation,None
178,Q,Q,Q,Q,Q,Q,Q=6,100.00%,No Mutation,None
179,G,G,G,G,G,G,G=6,100.00%,No Mutation,None
180,S,S,S,S,S,S,S=6,100.00%,No Mutation,None
181,N,N,N,N,N,N,N=6,100.00%,No Mutation,None
182,M,M,M,M,M,M,M=6,100.00%,No Mutation,None
183,M,M,M,M,M,M,M=6,100.00%,No Mutation,None
184,F,F,F,F,F,F,F=6,100.00%,No Mutation,None
185,A,A,A,A,A,A,A=6,100.00%,No Mutation,None
186,F,F,F,F,F,F,F=6,100.00%,No Mutation,None
187,F,F,F,F,F,F,F=6,100.00%,No Mutation,None
188,A,A,A,A,A,A,A=6,100.00%,No Mutation,None
189,Q,Q,Q,Q,Q,Q,Q=6,100.00%,No Mutation,None
190,H,H,H,H,H,H,H=6,100.00%,No Mutation,None
191,F,F,F,F,F,F,F=6,100.00%,No Mutation,None
192,T,T,T,T,T,T,T=6,100.00%,No Mutation,None
193,H,H,H,H,H,H,H=6,100.00%,No Mutation,None
194,Q,Q,Q,Q,Q,Q,Q=6,100.00%,No Mutation,None
195,F,F,F,F,F,F,F=6,100.00%,No Mutation,None
196,F,F,F,F,F,F,F=6,100.00%,No Mutation,None
197,K,K,K,K,K,K,K=6,100.00%,No Mutation,None
198,T,T,T,T,T,T,T=6,100.00%,No Mutation,None
199,D,D,D,D,D,D,D=6,100.00%,No Mutation,None
200,H,H,H,H,H,H,H=6,100.00%,No Mutation,None
201,K,K,K,K,K,K,K=6,100.00%,No Mutation,None
202,R,R,R,R,R,R,R=6,100.00%,No Mutation,None
203,G,G,G,G,G,G,G=6,100.00%,No Mutation,None
204,P,P,P,P,P,P,P=6,100.00%,No Mutation,None
205,A,A,A,A,A,A,A=6,100.00%,No Mutation,None
206,F,F,F,F,F,F,F=6,100.00%,No Mutation,None
207,T,T,T,T,T,T,T=6,100.00%,No Mutation,None
208,N,N,N,N,N,N,N=6,100.00%,No Mutation,None
209,G,G,G,G,G,G,G=6,100.00%,No Mutation,None
210,L,L,L,L,L,L,L=6,100.00%,No Mutation,None
211,G,G,G,G,G,G,G=6,100.00%,No Mutation,None
212,H,H,H,H,H,H,H=6,100.00%,No Mutation,None
213,G,G,G,G,G,G,G=6,100.00%,No Mutation,None
214,V,V,V,V,V,V,V=6,100.00%,No Mutation,None
215,D,D,D,D,D,D,D=6,100.00%,No Mutation,None
216,L,L,L,L,L,L,L=6,100.00%,No Mutation,None
217,N,N,N,N,N,N,N=6,100.00%,No Mutation,None
218,H,H,H,H,H,H,H=6,100.00%,No Mutation,None
219,I,I,I,I,I,I,I=6,100.00%,No Mutation,None
220,Y,Y,Y,Y,Y,Y,Y=6,100.00%,No Mutation,None
221,G,G,G,G,G,G,G=6,100.00%,No Mutation,None
222,E,E,E,E,E,E,E=6,100.00%,No Mutation,None
223,T,T,T,T,T,T,T=6,100.00%,No Mutation,None
224,L,L,L,L,L,L,L=6,100.00%,No Mutation,None
225,A,A,A,A,A,A,A=6,100.00%,No Mutation,None
226,R,R,R,R,R,R,R=6,100.00%,No Mutation,None
227,Q,Q,Q,Q,Q,Q,Q=6,100.00%,No Mutation,None
228,R,R,R,R,R,R,R=6,100.00%,No Mutation,None
229,K,K,K,K,K,K,K=6,100.00%,No Mutation,None
230,L,L,L,L,L,L,L=6,100.00%,No Mutation,None
231,R,R,R,R,R,R,R=6,100.00%,No Mutation,None
232,L,L,L,L,L,L,L=6,100.00%,No Mutation,None
233,F,F,F,F,F,F,F=6,100.00%,No Mutation,None
234,K,K,K,K,K,K,K=6,100.00%,No Mutation,None
235,D,D,D,D,D,D,D=6,100.00%,No Mutation,None
236,G,G,G,G,G,G,G=6,100.00%,No Mutation,None
237,K,K,K,K,K,K,K=6,100.00%,No Mutation,None
238,M,M,M,M,M,M,M=6,100.00%,No Mutation,None
239,K,K,K,K,K,K,K=6,100.00%,No Mutation,None
240,Y,Y,Y,Y,Y,Y,Y=6,100.00%,No Mutation,None
241,Q,Q,Q,Q,Q,Q,Q=6,100.00%,No Mutation,None
242,I,I,I,I,I,I,I=6,100.00%,No Mutation,None
243,I,I,I,I,I,I,I=6,100.00%,No Mutation,None
244,D,D,D,D,D,D,D=6,100.00%,No Mutation,None
245,G,G,G,G,G,G,G=6,100.00%,No Mutation,None
246,E,E,E,E,E,E,E=6,100.00%,No Mutation,None
247,M,M,M,M,M,M,M=6,100.00%,No Mutation,None
248,Y,Y,Y,Y,Y,Y,Y=6,100.00%,No Mutation,None
249,P,P,P,P,P,P,P=6,100.00%,No Mutation,None
250,P,P,P,P,P,P,P=6,100.00%,No Mutation,None
251,T,T,T,T,T,T,T=6,100.00%,No Mutation,None
252,V,V,V,V,V,V,V=6,100.00%,No Mutation,None
253,K,K,K,K,K,K,K=6,100.00%,No Mutation,None
254,D,D,D,D,D,D,D=6,100.00%,No Mutation,None
255,T,T,T,T,T,T,T=6,100.00%,No Mutation,None
256,Q,Q,Q,Q,Q,Q,Q=6,100.00%,No Mutation,None
257,A,A,A,A,A,A,A=6,100.00%,No Mutation,None
258,E,E,E,E,E,E,E=6,100.00%,No Mutation,None
259,M,M,M,M,M,M,M=6,100.00%,No Mutation,None
260,I,I,I,I,I,I,I=6,100.00%,No Mutation,None
261,Y,Y,Y,Y,Y,Y,Y=6,100.00%,No Mutation,None
262,P,P,P,P,P,P,P=6,100.00%,No Mutation,None
263,P,P,P,P,P,P,P=6,100.00%,No Mutation,None
264,Q,Q,Q,Q,Q,Q,Q=6,100.00%,No Mutation,None
265,V,V,V,V,V,V,V=6,100.00%,No Mutation,None
266,P,P,P,P,P,P,P=6,100.00%,No Mutation,None
267,E,E,E,E,E,E,E=6,100.00%,No Mutation,None
268,H,H,H,H,H,H,H=6,100.00%,No Mutation,None
269,L,L,L,L,L,L,L=6,100.00%,No Mutation,None
270,R,R,R,R,R,R,R=6,100.00%,No Mutation,None
271,F,F,F,F,F,F,F=6,100.00%,No Mutation,None
272,A,A,A,A,A,A,A=6,100.00%,No Mutation,None
273,V,V,V,V,V,V,V=6,100.00%,No Mutation,None
274,G,G,G,G,G,G,G=6,100.00%,No Mutation,None
275,Q,Q,Q,Q,Q,Q,Q=6,100.00%,No Mutation,None
276,E,E,E,E,E,E,E=6,100.00%,No Mutation,None
277,V,V,V,V,V,V,V=6,100.00%,No Mutation,None
278,F,F,F,F,F,F,F=6,100.00%,No Mutation,None
279,G,G,G,G,G,G,G=6,100.00%,No Mutation,None
280,L,L,L,L,L,L,L=6,100.00%,No Mutation,None
281,V,V,V,V,V,V,V=6,100.00%,No Mutation,None
282,P,P,P,P,P,P,P=6,100.00%,No Mutation,None
283,G,G,G,G,G,G,G=6,100.00%,No Mutation,None
284,L,L,L,L,L,L,L=6,100.00%,No Mutation,None
285,M,M,M,M,M,M,M=6,100.00%,No Mutation,None
286,M,M,M,M,M,M,M=6,100.00%,No Mutation,None
287,Y,Y,Y,Y,Y,Y,Y=6,100.00%,No Mutation,None
288,A,A,A,A,A,A,A=6,100.00%,No Mutation,None
289,T,T,T,T,T,T,T=6,100.00%,No Mutation,None
290,I,I,I,I,I,I,I=6,100.00%,No Mutation,None
291,W,W,W,W,W,W,W=6,100.00%,No Mutation,None
292,L,L,L,L,L,L,L=6,100.00%,No Mutation,None
293,R,R,R,R,R,R,R=6,100.00%,No Mutation,None
294,E,E,E,E,E,E,E=6,100.00%,No Mutation,None
295,H,H,H,H,H,H,H=6,100.00%,No Mutation,None
296,N,N,N,N,N,N,N=6,100.00%,No Mutation,None
297,R,R,R,R,R,R,R=6,100.00%,No Mutation,None
298,V,V,V,V,V,V,V=6,100.00%,No Mutation,None
299,C,C,C,C,C,C,C=6,100.00%,No Mutation,None
300,D,D,D,D,D,D,D=6,100.00%,No Mutation,None
301,V,V,V,V,V,V,V=6,100.00%,No Mutation,None
302,L,L,L,L,L,L,L=6,100.00%,No Mutation,None
303,K,K,K,K,K,K,K=6,100.00%,No Mutation,None
304,Q,Q,Q,Q,Q,Q,Q=6,100.00%,No Mutation,None
305,E,E,E,E,E,E,E=6,100.00%,No Mutation,None
306,H,H,H,H,H,H,H=6,100.00%,No Mutation,None
307,P,P,P,P,P,P,P=6,100.00%,No Mutation,None
308,E,E,E,E,E,E,E=6,100.00%,No Mutation,None
309,W,W,W,W,W,W,W=6,100.00%,No Mutation,None
310,G,G,G,G,G,G,G=6,100.00%,No Mutation,None
311,D,D,D,D,D,D,D=6,100.00%,No Mutation,None
312,E,E,E,E,E,E,E=6,100.00%,No Mutation,None
313,Q,Q,Q,Q,Q,Q,Q=6,100.00%,No Mutation,None
314,L,L,L,L,L,L,L=6,100.00%,No Mutation,None
315,F,F,F,F,F,F,F=6,100.00%,No Mutation,None
316,Q,Q,Q,Q,Q,Q,Q=6,100.00%,No Mutation,None
317,T,T,T,T,T,T,T=6,100.00%,No Mutation,None
318,S,S,S,S,S,S,S=6,100.00%,No Mutation,None
319,R,R,R,R,R,R,R=6,100.00%,No Mutation,None
320,L,L,L,L,L,L,L=6,100.00%,No Mutation,None
321,I,I,I,I,I,I,I=6,100.00%,No Mutation,None
322,L,L,L,L,L,L,L=6,100.00%,No Mutation,None
323,I,I,I,I,I,I,I=6,100.00%,No Mutation,None
324,G,G,G,G,G,G,G=6,100.00%,No Mutation,None
325,E,E,E,E,E,E,E=6,100.00%,No Mutation,None
326,T,T,T,T,T,T,T=6,100.00%,No Mutation,None
327,I,I,I,I,I,I,I=6,100.00%,No Mutation,None
328,K,K,K,K,K,K,K=6,100.00%,No Mutation,None
329,I,I,I,I,I,I,I=6,100.00%,No Mutation,None
330,V,V,V,V,V,V,V=6,100.00%,No Mutation,None
331,I,I,I,I,I,I,I=6,100.00%,No Mutation,None
332,E,E,E,E,E,E,E=6,100.00%,No Mutation,None
333,D,D,D,D,D,D,D=6,100.00%,No Mutation,None
334,Y,Y,Y,Y,Y,Y,Y=6,100.00%,No Mutation,None
335,V,V,V,V,V,V,V=6,100.00%,No Mutation,None
336,Q,Q,Q,Q,Q,Q,Q=6,100.00%,No Mutation,None
337,H,H,H,H,H,H,H=6,100.00%,No Mutation,None
338,L,L,L,L,L,L,L=6,100.00%,No Mutation,None
339,S,S,S,S,S,S,S=6,100.00%,No Mutation,None
340,G,G,G,G,G,G,G=6,100.00%,No Mutation,None
341,Y,Y,Y,Y,Y,Y,Y=6,100.00%,No Mutation,None
342,H,H,H,H,H,H,H=6,100.00%,No Mutation,None
343,F,F,F,F,F,F,F=6,100.00%,No Mutation,None
344,K,K,K,K,K,K,K=6,100.00%,No Mutation,None
345,L,L,L,L,L,L,L=6,100.00%,No Mutation,None
346,K,K,K,K,K,K,K=6,100.00%,No Mutation,None
347,F,F,F,F,F,F,F=6,100.00%,No Mutation,None
348,D,D,D,D,D,D,D=6,100.00%,No Mutation,None
349,P,P,P,P,P,P,P=6,100.00%,No Mutation,None
350,E,E,E,E,E,E,E=6,100.00%,No Mutation,None
351,L,L,L,L,L,L,L=6,100.00%,No Mutation,None
352,L,L,L,L,L,L,L=6,100.00%,No Mutation,None
353,F,F,F,F,F,F,F=6,100.00%,No Mutation,None
354,N,N,N,N,N,N,N=6,100.00%,No Mutation,None
355,K,K,K,K,K,K,K=6,100.00%,No Mutation,None
356,Q,Q,Q,Q,Q,Q,Q=6,100.00%,No Mutation,None
357,F,F,F,F,F,F,F=6,100.00%,No Mutation,None
358,Q,Q,Q,Q,Q,Q,Q=6,100.00%,No Mutation,None
359,Y,Y,Y,Y,Y,Y,Y=6,100.00%,No Mutation,None
360,Q,Q,Q,Q,Q,Q,Q=6,100.00%,No Mutation,None
361,N,N,N,N,N,N,N=6,100.00%,No Mutation,None
362,R,R,R,R,R,R,R=6,100.00%,No Mutation,None
363,I,I,I,I,I,I,I=6,100.00%,No Mutation,None
364,A,A,A,A,A,A,A=6,100.00%,No Mutation,None
365,A,A,A,A,A,A,A=6,100.00%,No Mutation,None
366,E,E,E,E,E,E,E=6,100.00%,No Mutation,None
367,F,F,F,F,F,F,F=6,100.00%,No Mutation,None
368,N,N,N,N,N,N,N=6,100.00%,No Mutation,None
369,T,T,T,T,T,T,T=6,100.00%,No Mutation,None
370,L,L,L,L,L,L,L=6,100.00%,No Mutation,None
371,Y,Y,Y,Y,Y,Y,Y=6,100.00%,No Mutation,None
372,H,H,H,H,H,H,H=6,100.00%,No Mutation,None
373,W,W,W,W,W,W,W=6,100.00%,No Mutation,None
374,H,H,H,H,H,H,H=6,100.00%,No Mutation,None
375,P,P,P,P,P,P,P=6,100.00%,No Mutation,None
376,L,L,L,L,L,L,L=6,100.00%,No Mutation,None
377,L,L,L,L,L,L,L=6,100.00%,No Mutation,None
378,P,P,P,P,P,P,P=6,100.00%,No Mutation,None
379,D,D,D,D,D,D,D=6,100.00%,No Mutation,None
380,T,T,T,T,T,T,T=6,100.00%,No Mutation,None
381,F,F,F,F,F,F,F=6,100.00%,No Mutation,None
382,Q,Q,Q,Q,Q,Q,Q=6,100.00%,No Mutation,None
383,I,I,I,I,I,I,I=6,100.00%,No Mutation,None
384,H,H,H,H,H,H,H=6,100.00%,No Mutation,None
385,D,D,D,D,D,D,D=6,100.00%,No Mutation,None
386,Q,Q,Q,Q,Q,Q,Q=6,100.00%,No Mutation,None
387,K,K,K,K,K,K,K=6,100.00%,No Mutation,None
388,Y,Y,Y,Y,Y,Y,Y=6,100.00%,No Mutation,None
389,N,N,N,N,N,N,N=6,100.00%,No Mutation,None
390,Y,Y,Y,Y,Y,Y,Y=6,100.00%,No Mutation,None
391,Q,Q,Q,Q,Q,Q,Q=6,100.00%,No Mutation,None
392,Q,Q,Q,Q,Q,Q,Q=6,100.00%,No Mutation,None
393,F,F,F,F,F,F,F=6,100.00%,No Mutation,None
394,I,I,I,I,I,I,I=6,100.00%,No Mutation,None
395,Y,Y,Y,Y,Y,Y,Y=6,100.00%,No Mutation,None
396,N,N,N,N,N,N,N=6,100.00%,No Mutation,None
397,N,N,N,N,N,N,N=6,100.00%,No Mutation,None
398,S,S,S,S,S,S,S=6,100.00%,No Mutation,None
399,I,I,I,I,I,I,I=6,100.00%,No Mutation,None
400,L,L,L,L,L,L,L=6,100.00%,No Mutation,None
401,L,L,L,L,L,L,L=6,100.00%,No Mutation,None
402,E,E,E,E,E,E,E=6,100.00%,No Mutation,None
403,H,H,H,H,H,H,H=6,100.00%,No Mutation,None
404,G,G,G,G,G,G,G=6,100.00%,No Mutation,None
405,I,I,I,I,I,I,I=6,100.00%,No Mutation,None
406,T,T,T,T,T,T,T=6,100.00%,No Mutation,None
407,Q,Q,Q,Q,Q,Q,Q=6,100.00%,No Mutation,None
408,F,F,F,F,F,F,F=6,100.00%,No Mutation,None
409,V,V,V,V,V,V,V=6,100.00%,No Mutation,None
410,E,E,E,E,E,E,E=6,100.00%,No Mutation,None
411,S,S,S,S,S,S,S=6,100.00%,No Mutation,None
412,F,F,F,F,F,F,F=6,100.00%,No Mutation,None
413,T,T,T,T,T,T,T=6,100.00%,No Mutation,None
414,R,R,R,R,R,R,R=6,100.00%,No Mutation,None
415,Q,Q,Q,Q,Q,Q,Q=6,100.00%,No Mutation,None
416,I,I,I,I,I,I,I=6,100.00%,No Mutation,None
417,A,A,A,A,A,A,A=6,100.00%,No Mutation,None
418,G,G,G,G,G,G,G=6,100.00%,No Mutation,None
419,R,R,R,R,R,R,R=6,100.00%,No Mutation,None
420,V,V,V,V,V,V,V=6,100.00%,No Mutation,None
421,A,A,A,A,A,A,A=6,100.00%,No Mutation,None
422,G,G,G,G,G,G,G=6,100.00%,No Mutation,None
423,G,G,G,G,G,G,G=6,100.00%,No Mutation,None
424,R,R,R,R,R,R,R=6,100.00%,No Mutation,None
425,N,N,N,N,N,N,N=6,100.00%,No Mutation,None
426,V,V,V,V,V,V,V=6,100.00%,No Mutation,None
427,P,P,P,P,P,P,P=6,100.00%,No Mutation,None
428,P,P,P,P,P,P,P=6,100.00%,No Mutation,None
429,A,A,A,A,A,A,A=6,100.00%,No Mutation,None
430,V,V,V,V,V,V,V=6,100.00%,No Mutation,None
431,Q,Q,Q,Q,Q,Q,Q=6,100.00%,No Mutation,None
432,K,K,K,K,K,K,K=6,100.00%,No Mutation,None
433,V,V,V,V,V,V,V=6,100.00%,No Mutation,None
434,S,S,S,S,S,S,S=6,100.00%,No Mutation,None
435,Q,Q,Q,Q,Q,Q,Q=6,100.00%,No Mutation,None
436,A,A,A,A,A,A,A=6,100.00%,No Mutation,None
437,S,S,S,S,S,S,S=6,100.00%,No Mutation,None
438,I,I,I,I,I,I,I=6,100.00%,No Mutation,None
439,D,D,D,D,D,D,D=6,100.00%,No Mutation,None
440,Q,Q,Q,Q,Q,Q,Q=6,100.00%,No Mutation,None
441,S,S,S,S,S,S,S=6,100.00%,No Mutation,None
442,R,R,R,R,R,R,R=6,100.00%,No Mutation,None
443,Q,Q,Q,Q,Q,Q,Q=6,100.00%,No Mutation,None
444,M,M,M,M,M,M,M=6,100.00%,No Mutation,None
445,K,K,K,K,K,K,K=6,100.00%,No Mutation,None
446,Y,Y,Y,Y,Y,Y,Y=6,100.00%,No Mutation,None
447,Q,Q,Q,Q,Q,Q,Q=6,100.00%,No Mutation,None
448,S,S,S,S,S,S,S=6,100.00%,No Mutation,None
449,F,F,F,F,F,F,F=6,100.00%,No Mutation,None
450,N,N,N,N,N,N,N=6,100.00%,No Mutation,None
451,E,E,E,E,E,E,E=6,100.00%,No Mutation,None
452,Y,Y,Y,Y,Y,Y,Y=6,100.00%,No Mutation,None
453,R,R,R,R,R,R,R=6,100.00%,No Mutation,None
454,K,K,K,K,K,K,K=6,100.00%,No Mutation,None
455,R,R,R,R,R,R,R=6,100.00%,No Mutation,None
456,F,F,F,F,F,F,F=6,100.00%,No Mutation,None
457,M,M,M,M,M,M,M=6,100.00%,No Mutation,None
458,L,L,L,L,L,L,L=6,100.00%,No Mutation,None
459,K,K,K,K,K,K,K=6,100.00%,No Mutation,None
460,P,P,P,P,P,P,P=6,100.00%,No Mutation,None
461,Y,Y,Y,Y,Y,Y,Y=6,100.00%,No Mutation,None
462,E,E,E,E,E,E,E=6,100.00%,No Mutation,None
463,S,S,S,S,S,S,S=6,100.00%,No Mutation,None
464,F,F,F,F,F,F,F=6,100.00%,No Mutation,None
465,E,E,E,E,E,E,E=6,100.00%,No Mutation,None
466,E,E,E,E,E,E,E=6,100.00%,No Mutation,None
467,L,L,L,L,L,L,L=6,100.00%,No Mutation,None
468,T,T,T,T,T,T,T=6,100.00%,No Mutation,None
469,G,G,G,G,G,G,G=6,100.00%,No Mutation,None
470,E,E,E,E,E,E,E=6,100.00%,No Mutation,None
471,K,K,K,K,K,K,K=6,100.00%,No Mutation,None
472,E,E,E,E,E,E,E=6,100.00%,No Mutation,None
473,M,M,M,M,M,M,M=6,100.00%,No Mutation,None
474,S,S,S,S,S,S,S=6,100.00%,No Mutation,None
475,A,A,A,A,A,A,A=6,100.00%,No Mutation,None
476,E,E,E,E,E,E,E=6,100.00%,No Mutation,None
477,L,L,L,L,L,L,L=6,100.00%,No Mutation,None
478,E,E,E,E,E,E,E=6,100.00%,No Mutation,None
479,A,A,A,A,A,A,A=6,100.00%,No Mutation,None
480,L,L,L,L,L,L,L=6,100.00%,No Mutation,None
481,Y,Y,Y,Y,Y,Y,Y=6,100.00%,No Mutation,None
482,G,G,G,G,G,G,G=6,100.00%,No Mutation,None
483,D,D,D,D,D,D,D=6,100.00%,No Mutation,None
484,I,I,I,I,I,I,I=6,100.00%,No Mutation,None
485,D,D,D,D,D,D,D=6,100.00%,No Mutation,None
486,A,A,A,A,A,A,A=6,100.00%,No Mutation,None
487,V,V,V,V,V,V,V=6,100.00%,No Mutation,None
488,E,E,E,E,E,E,E=6,100.00%,No Mutation,None
489,L,L,L,L,L,L,L=6,100.00%,No Mutation,None
490,Y,Y,Y,Y,Y,Y,Y=6,100.00%,No Mutation,None
491,P,P,P,P,P,P,P=6,100.00%,No Mutation,None
492,A,A,A,A,A,A,A=6,100.00%,No Mutation,None
493,L,L,L,L,L,L,L=6,100.00%,No Mutation,None
494,L,L,L,L,L,L,L=6,100.00%,No Mutation,None
495,V,V,V,V,V,V,V=6,100.00%,No Mutation,None
496,E,E,E,E,E,E,E=6,100.00%,No Mutation,None
497,K,K,K,K,K,K,K=6,100.00%,No Mutation,None
498,P,P,P,P,P,P,P=6,100.00%,No Mutation,None
499,R,R,R,R,R,R,R=6,100.00%,No Mutation,None
500,P,P,P,P,P,P,P=6,100.00%,No Mutation,None
501,D,D,D,D,D,D,D=6,100.00%,No Mutation,None
502,A,A,A,A,A,A,A=6,100.00%,No Mutation,None
503,I,I,I,I,I,I,I=6,100.00%,No Mutation,None
504,F,F,F,F,F,F,F=6,100.00%,No Mutation,None
505,G,G,G,G,G,G,G=6,100.00%,No Mutation,None
506,E,E,E,E,E,E,E=6,100.00%,No Mutation,None
507,T,T,T,T,T,T,T=6,100.00%,No Mutation,None
508,M,M,M,M,M,M,M=6,100.00%,No Mutation,None
509,V,V,V,V,V,V,V=6,100.00%,No Mutation,None
510,E,E,E,E,E,E,E=6,100.00%,No Mutation,None
511,V,V,V,V,V,V,V=6,100.00%,No Mutation,None
512,G,G,G,G,G,G,G=6,100.00%,No Mutation,None
513,A,A,A,A,A,A,A=6,100.00%,No Mutation,None
514,P,P,P,P,P,P,P=6,100.00%,No Mutation,None
515,F,F,F,F,F,F,F=6,100.00%,No Mutation,None
516,S,S,S,S,S,S,S=6,100.00%,No Mutation,None
517,L,L,L,L,L,L,L=6,100.00%,No Mutation,None
518,K,K,K,K,K,K,K=6,100.00%,No Mutation,None
519,G,G,G,G,G,G,G=6,100.00%,No Mutation,None
520,L,L,L,L,L,L,L=6,100.00%,No Mutation,None
521,M,M,M,M,M,M,M=6,100.00%,No Mutation,None
522,G,G,G,G,G,G,G=6,100.00%,No Mutation,None
523,N,N,N,N,N,N,N=6,100.00%,No Mutation,None
524,V,V,V,V,V,V,V=6,100.00%,No Mutation,None
525,I,I,I,I,I,I,I=6,100.00%,No Mutation,None
526,C,C,C,C,C,C,C=6,100.00%,No Mutation,None
527,S,S,S,S,S,S,S=6,100.00%,No Mutation,None
528,P,P,P,P,P,P,P=6,100.00%,No Mutation,None
529,A,A,A,A,A,A,A=6,100.00%,No Mutation,None
530,Y,Y,Y,Y,Y,Y,Y=6,100.00%,No Mutation,None
531,W,W,W,W,W,W,W=6,100.00%,No Mutation,None
532,K,K,K,K,K,K,K=6,100.00%,No Mutation,None
533,P,P,P,P,P,P,P=6,100.00%,No Mutation,None
534,S,S,S,S,S,S,S=6,100.00%,No Mutation,None
535,T,T,T,T,T,T,T=6,100.00%,No Mutation,None
536,F,F,F,F,F,F,F=6,100.00%,No Mutation,None
537,G,G,G,G,G,G,G=6,100.00%,No Mutation,None
538,G,G,G,G,G,G,G=6,100.00%,No Mutation,None
539,E,E,E,E,E,E,E=6,100.00%,No Mutation,None
540,V,V,V,V,V,V,V=6,100.00%,No Mutation,None
541,G,G,G,G,G,G,G=6,100.00%,No Mutation,None
542,F,F,F,F,F,F,F=6,100.00%,No Mutation,None
543,Q,Q,Q,Q,Q,Q,Q=6,100.00%,No Mutation,None
544,I,I,I,I,I,I,I=6,100.00%,No Mutation,None
545,I,I,I,I,I,I,I=6,100.00%,No Mutation,None
546,N,N,N,N,N,N,N=6,100.00%,No Mutation,None
547,T,T,T,T,T,T,T=6,100.00%,No Mutation,None
548,A,A,A,A,A,A,A=6,100.00%,No Mutation,None
549,S,S,S,S,S,S,S=6,100.00%,No Mutation,None
550,I,I,I,I,I,I,I=6,100.00%,No Mutation,None
551,Q,Q,Q,Q,Q,Q,Q=6,100.00%,No Mutation,None
552,S,S,S,S,S,S,S=6,100.00%,No Mutation,None
553,L,L,L,L,L,L,L=6,100.00%,No Mutation,None
554,I,I,I,I,I,I,I=6,100.00%,No Mutation,None
555,C,C,C,C,C,C,C=6,100.00%,No Mutation,None
556,N,N,N,N,N,N,N=6,100.00%,No Mutation,None
557,N,N,N,N,N,N,N=6,100.00%,No Mutation,None
558,V,V,V,V,V,V,V=6,100.00%,No Mutation,None
559,K,K,K,K,K,K,K=6,100.00%,No Mutation,None
560,G,G,G,G,G,G,G=6,100.00%,No Mutation,None
561,C,C,C,C,C,C,C=6,100.00%,No Mutation,None
562,P,P,P,P,P,P,P=6,100.00%,No Mutation,None
563,F,F,F,F,F,F,F=6,100.00%,No Mutation,None
564,T,T,T,T,T,T,T=6,100.00%,No Mutation,None
565,S,S,S,S,S,S,S=6,100.00%,No Mutation,None
566,F,F,F,F,F,F,F=6,100.00%,No Mutation,None
567,S,S,S,S,S,S,S=6,100.00%,No Mutation,None
568,V,V,V,V,V,V,V=6,100.00%,No Mutation,None
569,P,P,P,P,P,P,P=6,100.00%,No Mutation,None
570,-,D,D,D,D,D,-=1; D=5,83.33%,Mutation,Insertion
571,-,P,P,P,P,P,-=1; P=5,83.33%,Mutation,Insertion
572,-,E,E,E,E,E,-=1; E=5,83.33%,Mutation,Insertion
573,-,L,L,L,L,L,-=1; L=5,83.33%,Mutation,Insertion
574,-,I,I,I,I,I,-=1; I=5,83.33%,Mutation,Insertion
575,-,K,K,K,K,K,-=1; K=5,83.33%,Mutation,Insertion
576,-,T,T,T,T,T,-=1; T=5,83.33%,Mutation,Insertion
577,-,V,V,V,V,V,-=1; V=5,83.33%,Mutation,Insertion
578,-,T,T,T,T,T,-=1; T=5,83.33%,Mutation,Insertion
579,-,I,I,I,I,I,-=1; I=5,83.33%,Mutation,Insertion
580,-,N,N,N,N,N,-=1; N=5,83.33%,Mutation,Insertion
581,-,A,A,A,A,A,-=1; A=5,83.33%,Mutation,Insertion
582,-,S,S,S,S,S,-=1; S=5,83.33%,Mutation,Insertion
583,-,S,S,S,S,S,-=1; S=5,83.33%,Mutation,Insertion
584,-,S,S,S,S,S,-=1; S=5,83.33%,Mutation,Insertion
585,-,R,R,R,R,R,-=1; R=5,83.33%,Mutation,Insertion
586,-,S,S,S,S,S,-=1; S=5,83.33%,Mutation,Insertion
587,-,G,G,G,G,G,-=1; G=5,83.33%,Mutation,Insertion
588,-,L,L,L,L,L,-=1; L=5,83.33%,Mutation,Insertion
589,-,D,D,D,D,D,-=1; D=5,83.33%,Mutation,Insertion
590,-,D,D,D,D,D,-=1; D=5,83.33%,Mutation,Insertion
591,-,I,I,I,I,I,-=1; I=5,83.33%,Mutation,Insertion
592,-,N,N,N,N,N,-=1; N=5,83.33%,Mutation,Insertion
593,-,P,P,P,P,P,-=1; P=5,83.33%,Mutation,Insertion
594,-,T,T,T,T,T,-=1; T=5,83.33%,Mutation,Insertion
595,-,V,V,V,V,V,-=1; V=5,83.33%,Mutation,Insertion
596,-,L,L,L,L,L,-=1; L=5,83.33%,Mutation,Insertion
597,-,L,L,L,L,L,-=1; L=5,83.33%,Mutation,Insertion
598,-,K,K,K,K,K,-=1; K=5,83.33%,Mutation,Insertion
599,-,E,E,E,E,E,-=1; E=5,83.33%,Mutation,Insertion
600,-,R,R,R,R,R,-=1; R=5,83.33%,Mutation,Insertion
601,-,S,S,S,S,S,-=1; S=5,83.33%,Mutation,Insertion
602,-,T,T,T,T,T,-=1; T=5,83.33%,Mutation,Insertion
603,-,E,E,E,E,E,-=1; E=5,83.33%,Mutation,Insertion
604,-,L,L,L,L,L,-=1; L=5,83.33%,Mutation,Insertion
