Position,5IKQ_1|Chains,gcf1,gcf2,gcf3,gcf4,gcf5,AA_Counts,Conservation_Percentage,Mutation_Status,Mutation_Details,Insertion_Count,Deletion_Count,Missense_Count,Nonsense_Count
1,-,M,M,M,M,M,-=1; M=5,83.33%,Mutation,gcf1:Insertion | gcf2:Insertion | gcf3:Insertion | gcf4:Insertion | gcf5:Insertion,5,0,0,0
2,-,L,L,L,L,L,-=1; L=5,83.33%,Mutation,gcf1:Insertion | gcf2:Insertion | gcf3:Insertion | gcf4:Insertion | gcf5:Insertion,5,0,0,0
3,-,A,A,A,A,A,-=1; A=5,83.33%,Mutation,gcf1:Insertion | gcf2:Insertion | gcf3:Insertion | gcf4:Insertion | gcf5:Insertion,5,0,0,0
4,-,R,R,R,R,R,-=1; R=5,83.33%,Mutation,gcf1:Insertion | gcf2:Insertion | gcf3:Insertion | gcf4:Insertion | gcf5:Insertion,5,0,0,0
5,-,A,A,A,A,A,-=1; A=5,83.33%,Mutation,gcf1:Insertion | gcf2:Insertion | gcf3:Insertion | gcf4:Insertion | gcf5:Insertion,5,0,0,0
6,-,L,L,L,L,L,-=1; L=5,83.33%,Mutation,gcf1:Insertion | gcf2:Insertion | gcf3:Insertion | gcf4:Insertion | gcf5:Insertion,5,0,0,0
7,-,L,L,L,L,L,-=1; L=5,83.33%,Mutation,gcf1:Insertion | gcf2:Insertion | gcf3:Insertion | gcf4:Insertion | gcf5:Insertion,5,0,0,0
8,-,L,L,L,L,L,-=1; L=5,83.33%,Mutation,gcf1:Insertion | gcf2:Insertion | gcf3:Insertion | gcf4:Insertion | gcf5:Insertion,5,0,0,0
9,-,C,C,C,C,C,-=1; C=5,83.33%,Mutation,gcf1:Insertion | gcf2:Insertion | gcf3:Insertion | gcf4:Insertion | gcf5:Insertion,5,0,0,0
10,-,A,A,A,A,A,-=1; A=5,83.33%,Mutation,gcf1:Insertion | gcf2:Insertion | gcf3:Insertion | gcf4:Insertion | gcf5:Insertion,5,0,0,0
11,-,V,V,V,V,V,-=1; V=5,83.33%,Mutation,gcf1:Insertion | gcf2:Insertion | gcf3:Insertion | gcf4:Insertion | gcf5:Insertion,5,0,0,0
12,-,L,L,L,L,L,-=1; L=5,83.33%,Mutation,gcf1:Insertion | gcf2:Insertion | gcf3:Insertion | gcf4:Insertion | gcf5:Insertion,5,0,0,0
13,-,A,A,A,A,A,-=1; A=5,83.33%,Mutation,gcf1:Insertion | gcf2:Insertion | gcf3:Insertion | gcf4:Insertion | gcf5:Insertion,5,0,0,0
14,-,L,L,L,L,L,-=1; L=5,83.33%,Mutation,gcf1:Insertion | gcf2:Insertion | gcf3:Insertion | gcf4:Insertion | gcf5:Insertion,5,0,0,0
15,-,S,S,S,S,S,-=1; S=5,83.33%,Mutation,gcf1:Insertion | gcf2:Insertion | gcf3:Insertion | gcf4:Insertion | gcf5:Insertion,5,0,0,0
16,-,H,H,H,H,H,-=1; H=5,83.33%,Mutation,gcf1:Insertion | gcf2:Insertion | gcf3:Insertion | gcf4:Insertion | gcf5:Insertion,5,0,0,0
17,-,T,T,T,T,T,-=1; T=5,83.33%,Mutation,gcf1:Insertion | gcf2:Insertion | gcf3:Insertion | gcf4:Insertion | gcf5:Insertion,5,0,0,0
18,-,A,A,A,A,A,-=1; A=5,83.33%,Mutation,gcf1:Insertion | gcf2:Insertion | gcf3:Insertion | gcf4:Insertion | gcf5:Insertion,5,0,0,0
19,N,N,N,N,N,N,N=6,100.0%,No Mutation,None,0,0,0,0
20,P,P,P,P,P,P,P=6,100.0%,No Mutation,None,0,0,0,0
21,C,C,C,C,C,C,C=6,100.0%,No Mutation,None,0,0,0,0
22,C,C,C,C,C,C,C=6,100.0%,No Mutation,None,0,0,0,0
23,S,S,S,S,S,S,S=6,100.0%,No Mutation,None,0,0,0,0
24,H,H,H,H,H,H,H=6,100.0%,No Mutation,None,0,0,0,0
25,P,P,P,P,P,P,P=6,100.0%,No Mutation,None,0,0,0,0
26,C,C,C,C,C,C,C=6,100.0%,No Mutation,None,0,0,0,0
27,Q,Q,Q,Q,Q,Q,Q=6,100.0%,No Mutation,None,0,0,0,0
28,N,N,N,N,N,N,N=6,100.0%,No Mutation,None,0,0,0,0
29,R,R,R,R,R,R,R=6,100.0%,No Mutation,None,0,0,0,0
30,G,G,G,G,G,G,G=6,100.0%,No Mutation,None,0,0,0,0
31,V,V,V,V,V,V,V=6,100.0%,No Mutation,None,0,0,0,0
32,C,C,C,C,C,C,C=6,100.0%,No Mutation,None,0,0,0,0
33,M,M,M,M,M,M,M=6,100.0%,No Mutation,None,0,0,0,0
34,S,S,S,S,S,S,S=6,100.0%,No Mutation,None,0,0,0,0
35,V,V,V,V,V,V,V=6,100.0%,No Mutation,None,0,0,0,0
36,G,G,G,G,G,G,G=6,100.0%,No Mutation,None,0,0,0,0
37,F,F,F,F,F,F,F=6,100.0%,No Mutation,None,0,0,0,0
38,D,D,D,D,D,D,D=6,100.0%,No Mutation,None,0,0,0,0
39,Q,Q,Q,Q,Q,Q,Q=6,100.0%,No Mutation,None,0,0,0,0
40,Y,Y,Y,Y,Y,Y,Y=6,100.0%,No Mutation,None,0,0,0,0
41,K,K,K,K,K,K,K=6,100.0%,No Mutation,None,0,0,0,0
42,C,C,C,C,C,C,C=6,100.0%,No Mutation,None,0,0,0,0
43,D,D,D,D,D,D,D=6,100.0%,No Mutation,None,0,0,0,0
44,C,C,C,C,C,C,C=6,100.0%,No Mutation,None,0,0,0,0
45,T,T,T,T,T,T,T=6,100.0%,No Mutation,None,0,0,0,0
46,R,R,R,R,R,R,R=6,100.0%,No Mutation,None,0,0,0,0
47,T,T,T,T,T,T,T=6,100.0%,No Mutation,None,0,0,0,0
48,G,G,G,G,G,G,G=6,100.0%,No Mutation,None,0,0,0,0
49,F,F,F,F,F,F,F=6,100.0%,No Mutation,None,0,0,0,0
50,Y,Y,Y,Y,Y,Y,Y=6,100.0%,No Mutation,None,0,0,0,0
51,G,G,G,G,G,G,G=6,100.0%,No Mutation,None,0,0,0,0
52,E,E,E,E,E,E,E=6,100.0%,No Mutation,None,0,0,0,0
53,N,N,N,N,N,N,N=6,100.0%,No Mutation,None,0,0,0,0
54,C,C,C,C,C,C,C=6,100.0%,No Mutation,None,0,0,0,0
55,S,S,S,S,S,S,S=6,100.0%,No Mutation,None,0,0,0,0
56,T,T,T,T,T,T,T=6,100.0%,No Mutation,None,0,0,0,0
57,P,P,P,P,P,P,P=6,100.0%,No Mutation,None,0,0,0,0
58,E,E,E,E,E,E,E=6,100.0%,No Mutation,None,0,0,0,0
59,F,F,F,F,F,F,F=6,100.0%,No Mutation,None,0,0,0,0
60,L,L,L,L,L,L,L=6,100.0%,No Mutation,None,0,0,0,0
61,T,T,T,T,T,T,T=6,100.0%,No Mutation,None,0,0,0,0
62,R,R,R,R,R,R,R=6,100.0%,No Mutation,None,0,0,0,0
63,I,I,I,I,I,I,I=6,100.0%,No Mutation,None,0,0,0,0
64,K,K,K,K,K,K,K=6,100.0%,No Mutation,None,0,0,0,0
65,L,L,L,L,L,L,L=6,100.0%,No Mutation,None,0,0,0,0
66,F,F,F,F,F,F,F=6,100.0%,No Mutation,None,0,0,0,0
67,L,L,L,L,L,L,L=6,100.0%,No Mutation,None,0,0,0,0
68,K,K,K,K,K,K,K=6,100.0%,No Mutation,None,0,0,0,0
69,P,P,P,P,P,P,P=6,100.0%,No Mutation,None,0,0,0,0
70,T,T,T,T,T,T,T=6,100.0%,No Mutation,None,0,0,0,0
71,P,P,P,P,P,P,P=6,100.0%,No Mutation,None,0,0,0,0
72,N,N,N,N,N,N,N=6,100.0%,No Mutation,None,0,0,0,0
73,T,T,T,T,T,T,T=6,100.0%,No Mutation,None,0,0,0,0
74,V,V,V,V,V,V,V=6,100.0%,No Mutation,None,0,0,0,0
75,H,H,H,H,H,H,H=6,100.0%,No Mutation,None,0,0,0,0
76,Y,Y,Y,Y,Y,Y,Y=6,100.0%,No Mutation,None,0,0,0,0
77,I,I,I,I,I,I,I=6,100.0%,No Mutation,None,0,0,0,0
78,L,L,L,L,L,L,L=6,100.0%,No Mutation,None,0,0,0,0
79,T,T,T,T,T,T,T=6,100.0%,No Mutation,None,0,0,0,0
80,H,H,H,H,H,H,H=6,100.0%,No Mutation,None,0,0,0,0
81,F,F,F,F,F,F,F=6,100.0%,No Mutation,None,0,0,0,0
82,K,K,K,K,K,K,K=6,100.0%,No Mutation,None,0,0,0,0
83,G,G,G,G,G,G,G=6,100.0%,No Mutation,None,0,0,0,0
84,F,F,F,F,F,F,F=6,100.0%,No Mutation,None,0,0,0,0
85,W,W,W,W,W,W,W=6,100.0%,No Mutation,None,0,0,0,0
86,N,N,N,N,N,N,N=6,100.0%,No Mutation,None,0,0,0,0
87,V,V,V,V,V,V,V=6,100.0%,No Mutation,None,0,0,0,0
88,V,V,V,V,V,V,V=6,100.0%,No Mutation,None,0,0,0,0
89,N,N,N,N,N,N,N=6,100.0%,No Mutation,None,0,0,0,0
90,N,N,N,N,N,N,N=6,100.0%,No Mutation,None,0,0,0,0
91,I,I,I,I,I,I,I=6,100.0%,No Mutation,None,0,0,0,0
92,P,P,P,P,P,P,P=6,100.0%,No Mutation,None,0,0,0,0
93,F,F,F,F,F,F,F=6,100.0%,No Mutation,None,0,0,0,0
94,L,L,L,L,L,L,L=6,100.0%,No Mutation,None,0,0,0,0
95,R,R,R,R,R,R,R=6,100.0%,No Mutation,None,0,0,0,0
96,N,N,N,N,N,N,N=6,100.0%,No Mutation,None,0,0,0,0
97,A,A,A,A,A,A,A=6,100.0%,No Mutation,None,0,0,0,0
98,I,I,I,I,I,I,I=6,100.0%,No Mutation,None,0,0,0,0
99,M,M,M,M,M,M,M=6,100.0%,No Mutation,None,0,0,0,0
100,S,S,S,S,S,S,S=6,100.0%,No Mutation,None,0,0,0,0
101,Y,Y,Y,Y,Y,Y,Y=6,100.0%,No Mutation,None,0,0,0,0
102,V,V,V,V,V,V,V=6,100.0%,No Mutation,None,0,0,0,0
103,L,L,L,L,L,L,L=6,100.0%,No Mutation,None,0,0,0,0
104,T,T,T,T,T,T,T=6,100.0%,No Mutation,None,0,0,0,0
105,S,S,S,S,S,S,S=6,100.0%,No Mutation,None,0,0,0,0
106,R,R,R,R,R,R,R=6,100.0%,No Mutation,None,0,0,0,0
107,S,S,S,S,S,S,S=6,100.0%,No Mutation,None,0,0,0,0
108,H,H,H,H,H,H,H=6,100.0%,No Mutation,None,0,0,0,0
109,L,L,L,L,L,L,L=6,100.0%,No Mutation,None,0,0,0,0
110,I,I,I,I,I,I,I=6,100.0%,No Mutation,None,0,0,0,0
111,D,D,D,D,D,D,D=6,100.0%,No Mutation,None,0,0,0,0
112,S,S,S,S,S,S,S=6,100.0%,No Mutation,None,0,0,0,0
113,P,P,P,P,P,P,P=6,100.0%,No Mutation,None,0,0,0,0
114,P,P,P,P,P,P,P=6,100.0%,No Mutation,None,0,0,0,0
115,T,T,T,T,T,T,T=6,100.0%,No Mutation,None,0,0,0,0
116,Y,Y,Y,Y,Y,Y,Y=6,100.0%,No Mutation,None,0,0,0,0
117,N,N,N,N,N,N,N=6,100.0%,No Mutation,None,0,0,0,0
118,A,A,A,A,A,A,A=6,100.0%,No Mutation,None,0,0,0,0
119,D,D,D,D,D,D,D=6,100.0%,No Mutation,None,0,0,0,0
120,Y,Y,Y,Y,Y,Y,Y=6,100.0%,No Mutation,None,0,0,0,0
121,G,G,G,G,G,G,G=6,100.0%,No Mutation,None,0,0,0,0
122,Y,Y,Y,Y,Y,Y,Y=6,100.0%,No Mutation,None,0,0,0,0
123,K,K,K,K,K,K,K=6,100.0%,No Mutation,None,0,0,0,0
124,S,S,S,S,S,S,S=6,100.0%,No Mutation,None,0,0,0,0
125,W,W,W,W,W,W,W=6,100.0%,No Mutation,None,0,0,0,0
126,E,E,E,E,E,E,E=6,100.0%,No Mutation,None,0,0,0,0
127,A,A,A,A,A,A,A=6,100.0%,No Mutation,None,0,0,0,0
128,F,F,F,F,F,F,F=6,100.0%,No Mutation,None,0,0,0,0
129,S,S,S,S,S,S,S=6,100.0%,No Mutation,None,0,0,0,0
130,N,N,N,N,N,N,N=6,100.0%,No Mutation,None,0,0,0,0
131,L,L,L,L,L,L,L=6,100.0%,No Mutation,None,0,0,0,0
132,S,S,S,S,S,S,S=6,100.0%,No Mutation,None,0,0,0,0
133,Y,Y,Y,Y,Y,Y,Y=6,100.0%,No Mutation,None,0,0,0,0
134,Y,Y,Y,Y,Y,Y,Y=6,100.0%,No Mutation,None,0,0,0,0
135,T,T,T,T,T,T,T=6,100.0%,No Mutation,None,0,0,0,0
136,R,R,R,R,R,R,R=6,100.0%,No Mutation,None,0,0,0,0
137,A,A,A,A,A,A,A=6,100.0%,No Mutation,None,0,0,0,0
138,L,L,L,L,L,L,L=6,100.0%,No Mutation,None,0,0,0,0
139,P,P,P,P,P,P,P=6,100.0%,No Mutation,None,0,0,0,0
140,P,P,P,P,P,P,P=6,100.0%,No Mutation,None,0,0,0,0
141,V,V,V,V,V,V,V=6,100.0%,No Mutation,None,0,0,0,0
142,P,P,P,P,P,P,P=6,100.0%,No Mutation,None,0,0,0,0
143,D,D,D,D,D,D,D=6,100.0%,No Mutation,None,0,0,0,0
144,D,D,D,D,D,D,D=6,100.0%,No Mutation,None,0,0,0,0
145,C,C,C,C,C,C,C=6,100.0%,No Mutation,None,0,0,0,0
146,P,P,P,P,P,P,P=6,100.0%,No Mutation,None,0,0,0,0
147,T,T,T,T,T,T,T=6,100.0%,No Mutation,None,0,0,0,0
148,P,P,P,P,P,P,P=6,100.0%,No Mutation,None,0,0,0,0
149,L,L,L,L,L,L,L=6,100.0%,No Mutation,None,0,0,0,0
150,G,G,G,G,G,G,G=6,100.0%,No Mutation,None,0,0,0,0
151,V,V,V,V,V,V,V=6,100.0%,No Mutation,None,0,0,0,0
152,K,K,K,K,K,K,K=6,100.0%,No Mutation,None,0,0,0,0
153,G,G,G,G,G,G,G=6,100.0%,No Mutation,None,0,0,0,0
154,K,K,K,K,K,K,K=6,100.0%,No Mutation,None,0,0,0,0
155,K,K,K,K,K,K,K=6,100.0%,No Mutation,None,0,0,0,0
156,Q,Q,Q,Q,Q,Q,Q=6,100.0%,No Mutation,None,0,0,0,0
157,L,L,L,L,L,L,L=6,100.0%,No Mutation,None,0,0,0,0
158,P,P,P,P,P,P,P=6,100.0%,No Mutation,None,0,0,0,0
159,D,D,D,D,D,D,D=6,100.0%,No Mutation,None,0,0,0,0
160,S,S,S,S,S,S,S=6,100.0%,No Mutation,None,0,0,0,0
161,N,N,N,N,N,N,N=6,100.0%,No Mutation,None,0,0,0,0
162,E,E,E,E,E,E,E=6,100.0%,No Mutation,None,0,0,0,0
163,I,I,I,I,I,I,I=6,100.0%,No Mutation,None,0,0,0,0
164,V,V,V,V,V,V,V=6,100.0%,No Mutation,None,0,0,0,0
165,E,E,E,E,E,E,E=6,100.0%,No Mutation,None,0,0,0,0
166,K,K,K,K,K,K,K=6,100.0%,No Mutation,None,0,0,0,0
167,L,L,L,L,L,L,L=6,100.0%,No Mutation,None,0,0,0,0
168,L,L,L,L,L,L,L=6,100.0%,No Mutation,None,0,0,0,0
169,L,L,L,L,L,L,L=6,100.0%,No Mutation,None,0,0,0,0
170,R,R,R,R,R,R,R=6,100.0%,No Mutation,None,0,0,0,0
171,R,R,R,R,R,R,R=6,100.0%,No Mutation,None,0,0,0,0
172,K,K,K,K,K,K,K=6,100.0%,No Mutation,None,0,0,0,0
173,F,F,F,F,F,F,F=6,100.0%,No Mutation,None,0,0,0,0
174,I,I,I,I,I,I,I=6,100.0%,No Mutation,None,0,0,0,0
175,P,P,P,P,P,P,P=6,100.0%,No Mutation,None,0,0,0,0
176,D,D,D,D,D,D,D=6,100.0%,No Mutation,None,0,0,0,0
177,P,P,P,P,P,P,P=6,100.0%,No Mutation,None,0,0,0,0
178,Q,Q,Q,Q,Q,Q,Q=6,100.0%,No Mutation,None,0,0,0,0
179,G,G,G,G,G,G,G=6,100.0%,No Mutation,None,0,0,0,0
180,S,S,S,S,S,S,S=6,100.0%,No Mutation,None,0,0,0,0
181,N,N,N,N,N,N,N=6,100.0%,No Mutation,None,0,0,0,0
182,M,M,M,M,M,M,M=6,100.0%,No Mutation,None,0,0,0,0
183,M,M,M,M,M,M,M=6,100.0%,No Mutation,None,0,0,0,0
184,F,F,F,F,F,F,F=6,100.0%,No Mutation,None,0,0,0,0
185,A,A,A,A,A,A,A=6,100.0%,No Mutation,None,0,0,0,0
186,F,F,F,F,F,F,F=6,100.0%,No Mutation,None,0,0,0,0
187,F,F,F,F,F,F,F=6,100.0%,No Mutation,None,0,0,0,0
188,A,A,A,A,A,A,A=6,100.0%,No Mutation,None,0,0,0,0
189,Q,Q,Q,Q,Q,Q,Q=6,100.0%,No Mutation,None,0,0,0,0
190,H,H,H,H,H,H,H=6,100.0%,No Mutation,None,0,0,0,0
191,F,F,F,F,F,F,F=6,100.0%,No Mutation,None,0,0,0,0
192,T,T,T,T,T,T,T=6,100.0%,No Mutation,None,0,0,0,0
193,H,H,H,H,H,H,H=6,100.0%,No Mutation,None,0,0,0,0
194,Q,Q,Q,Q,Q,Q,Q=6,100.0%,No Mutation,None,0,0,0,0
195,F,F,F,F,F,F,F=6,100.0%,No Mutation,None,0,0,0,0
196,F,F,F,F,F,F,F=6,100.0%,No Mutation,None,0,0,0,0
197,K,K,K,K,K,K,K=6,100.0%,No Mutation,None,0,0,0,0
198,T,T,T,T,T,T,T=6,100.0%,No Mutation,None,0,0,0,0
199,D,D,D,D,D,D,D=6,100.0%,No Mutation,None,0,0,0,0
200,H,H,H,H,H,H,H=6,100.0%,No Mutation,None,0,0,0,0
201,K,K,K,K,K,K,K=6,100.0%,No Mutation,None,0,0,0,0
202,R,R,R,R,R,R,R=6,100.0%,No Mutation,None,0,0,0,0
203,G,G,G,G,G,G,G=6,100.0%,No Mutation,None,0,0,0,0
204,P,P,P,P,P,P,P=6,100.0%,No Mutation,None,0,0,0,0
205,A,A,A,A,A,A,A=6,100.0%,No Mutation,None,0,0,0,0
206,F,F,F,F,F,F,F=6,100.0%,No Mutation,None,0,0,0,0
207,T,T,T,T,T,T,T=6,100.0%,No Mutation,None,0,0,0,0
208,N,N,N,N,N,N,N=6,100.0%,No Mutation,None,0,0,0,0
209,G,G,G,G,G,G,G=6,100.0%,No Mutation,None,0,0,0,0
210,L,L,L,L,L,L,L=6,100.0%,No Mutation,None,0,0,0,0
211,G,G,G,G,G,G,G=6,100.0%,No Mutation,None,0,0,0,0
212,H,H,H,H,H,H,H=6,100.0%,No Mutation,None,0,0,0,0
213,G,G,G,G,G,G,G=6,100.0%,No Mutation,None,0,0,0,0
214,V,V,V,V,V,V,V=6,100.0%,No Mutation,None,0,0,0,0
215,D,D,D,D,D,D,D=6,100.0%,No Mutation,None,0,0,0,0
216,L,L,L,L,L,L,L=6,100.0%,No Mutation,None,0,0,0,0
217,N,N,N,N,N,N,N=6,100.0%,No Mutation,None,0,0,0,0
218,H,H,H,H,H,H,H=6,100.0%,No Mutation,None,0,0,0,0
219,I,I,I,I,I,I,I=6,100.0%,No Mutation,None,0,0,0,0
220,Y,Y,Y,Y,Y,Y,Y=6,100.0%,No Mutation,None,0,0,0,0
221,G,G,G,G,G,G,G=6,100.0%,No Mutation,None,0,0,0,0
222,E,E,E,E,E,E,E=6,100.0%,No Mutation,None,0,0,0,0
223,T,T,T,T,T,T,T=6,100.0%,No Mutation,None,0,0,0,0
224,L,L,L,L,L,L,L=6,100.0%,No Mutation,None,0,0,0,0
225,A,A,A,A,A,A,A=6,100.0%,No Mutation,None,0,0,0,0
226,R,R,R,R,R,R,R=6,100.0%,No Mutation,None,0,0,0,0
227,Q,Q,Q,Q,Q,Q,Q=6,100.0%,No Mutation,None,0,0,0,0
228,R,R,R,R,R,R,R=6,100.0%,No Mutation,None,0,0,0,0
229,K,K,K,K,K,K,K=6,100.0%,No Mutation,None,0,0,0,0
230,L,L,L,L,L,L,L=6,100.0%,No Mutation,None,0,0,0,0
231,R,R,R,R,R,R,R=6,100.0%,No Mutation,None,0,0,0,0
232,L,L,L,L,L,L,L=6,100.0%,No Mutation,None,0,0,0,0
233,F,F,F,F,F,F,F=6,100.0%,No Mutation,None,0,0,0,0
234,K,K,K,K,K,K,K=6,100.0%,No Mutation,None,0,0,0,0
235,D,D,D,D,D,D,D=6,100.0%,No Mutation,None,0,0,0,0
236,G,G,G,G,G,G,G=6,100.0%,No Mutation,None,0,0,0,0
237,K,K,K,K,K,K,K=6,100.0%,No Mutation,None,0,0,0,0
238,M,M,M,M,M,M,M=6,100.0%,No Mutation,None,0,0,0,0
239,K,K,K,K,K,K,K=6,100.0%,No Mutation,None,0,0,0,0
240,Y,Y,Y,Y,Y,Y,Y=6,100.0%,No Mutation,None,0,0,0,0
241,Q,Q,Q,Q,Q,Q,Q=6,100.0%,No Mutation,None,0,0,0,0
242,I,I,I,I,I,I,I=6,100.0%,No Mutation,None,0,0,0,0
243,I,I,I,I,I,I,I=6,100.0%,No Mutation,None,0,0,0,0
244,D,D,D,D,D,D,D=6,100.0%,No Mutation,None,0,0,0,0
245,G,G,G,G,G,G,G=6,100.0%,No Mutation,None,0,0,0,0
246,E,E,E,E,E,E,E=6,100.0%,No Mutation,None,0,0,0,0
247,M,M,M,M,M,M,M=6,100.0%,No Mutation,None,0,0,0,0
248,Y,Y,Y,Y,Y,Y,Y=6,100.0%,No Mutation,None,0,0,0,0
249,P,P,P,P,P,P,P=6,100.0%,No Mutation,None,0,0,0,0
250,P,P,P,P,P,P,P=6,100.0%,No Mutation,None,0,0,0,0
251,T,T,T,T,T,T,T=6,100.0%,No Mutation,None,0,0,0,0
252,V,V,V,V,V,V,V=6,100.0%,No Mutation,None,0,0,0,0
253,K,K,K,K,K,K,K=6,100.0%,No Mutation,None,0,0,0,0
254,D,D,D,D,D,D,D=6,100.0%,No Mutation,None,0,0,0,0
255,T,T,T,T,T,T,T=6,100.0%,No Mutation,None,0,0,0,0
256,Q,Q,Q,Q,Q,Q,Q=6,100.0%,No Mutation,None,0,0,0,0
257,A,A,A,A,A,A,A=6,100.0%,No Mutation,None,0,0,0,0
258,E,E,E,E,E,E,E=6,100.0%,No Mutation,None,0,0,0,0
259,M,M,M,M,M,M,M=6,100.0%,No Mutation,None,0,0,0,0
260,I,I,I,I,I,I,I=6,100.0%,No Mutation,None,0,0,0,0
261,Y,Y,Y,Y,Y,Y,Y=6,100.0%,No Mutation,None,0,0,0,0
262,P,P,P,P,P,P,P=6,100.0%,No Mutation,None,0,0,0,0
263,P,P,P,P,P,P,P=6,100.0%,No Mutation,None,0,0,0,0
264,Q,Q,Q,Q,Q,Q,Q=6,100.0%,No Mutation,None,0,0,0,0
265,V,V,V,V,V,V,V=6,100.0%,No Mutation,None,0,0,0,0
266,P,P,P,P,P,P,P=6,100.0%,No Mutation,None,0,0,0,0
267,E,E,E,E,E,E,E=6,100.0%,No Mutation,None,0,0,0,0
268,H,H,H,H,H,H,H=6,100.0%,No Mutation,None,0,0,0,0
269,L,L,L,L,L,L,L=6,100.0%,No Mutation,None,0,0,0,0
270,R,R,R,R,R,R,R=6,100.0%,No Mutation,None,0,0,0,0
271,F,F,F,F,F,F,F=6,100.0%,No Mutation,None,0,0,0,0
272,A,A,A,A,A,A,A=6,100.0%,No Mutation,None,0,0,0,0
273,V,V,V,V,V,V,V=6,100.0%,No Mutation,None,0,0,0,0
274,G,G,G,G,G,G,G=6,100.0%,No Mutation,None,0,0,0,0
275,Q,Q,Q,Q,Q,Q,Q=6,100.0%,No Mutation,None,0,0,0,0
276,E,E,E,E,E,E,E=6,100.0%,No Mutation,None,0,0,0,0
277,V,V,V,V,V,V,V=6,100.0%,No Mutation,None,0,0,0,0
278,F,F,F,F,F,F,F=6,100.0%,No Mutation,None,0,0,0,0
279,G,G,G,G,G,G,G=6,100.0%,No Mutation,None,0,0,0,0
280,L,L,L,L,L,L,L=6,100.0%,No Mutation,None,0,0,0,0
281,V,V,V,V,V,V,V=6,100.0%,No Mutation,None,0,0,0,0
282,P,P,P,P,P,P,P=6,100.0%,No Mutation,None,0,0,0,0
283,G,G,G,G,G,G,G=6,100.0%,No Mutation,None,0,0,0,0
284,L,L,L,L,L,L,L=6,100.0%,No Mutation,None,0,0,0,0
285,M,M,M,M,M,M,M=6,100.0%,No Mutation,None,0,0,0,0
286,M,M,M,M,M,M,M=6,100.0%,No Mutation,None,0,0,0,0
287,Y,Y,Y,Y,Y,Y,Y=6,100.0%,No Mutation,None,0,0,0,0
288,A,A,A,A,A,A,A=6,100.0%,No Mutation,None,0,0,0,0
289,T,T,T,T,T,T,T=6,100.0%,No Mutation,None,0,0,0,0
290,I,I,I,I,I,I,I=6,100.0%,No Mutation,None,0,0,0,0
291,W,W,W,W,W,W,W=6,100.0%,No Mutation,None,0,0,0,0
292,L,L,L,L,L,L,L=6,100.0%,No Mutation,None,0,0,0,0
293,R,R,R,R,R,R,R=6,100.0%,No Mutation,None,0,0,0,0
294,E,E,E,E,E,E,E=6,100.0%,No Mutation,None,0,0,0,0
295,H,H,H,H,H,H,H=6,100.0%,No Mutation,None,0,0,0,0
296,N,N,N,N,N,N,N=6,100.0%,No Mutation,None,0,0,0,0
297,R,R,R,R,R,R,R=6,100.0%,No Mutation,None,0,0,0,0
298,V,V,V,V,V,V,V=6,100.0%,No Mutation,None,0,0,0,0
299,C,C,C,C,C,C,C=6,100.0%,No Mutation,None,0,0,0,0
300,D,D,D,D,D,D,D=6,100.0%,No Mutation,None,0,0,0,0
301,V,V,V,V,V,V,V=6,100.0%,No Mutation,None,0,0,0,0
302,L,L,L,L,L,L,L=6,100.0%,No Mutation,None,0,0,0,0
303,K,K,K,K,K,K,K=6,100.0%,No Mutation,None,0,0,0,0
304,Q,Q,Q,Q,Q,Q,Q=6,100.0%,No Mutation,None,0,0,0,0
305,E,E,E,E,E,E,E=6,100.0%,No Mutation,None,0,0,0,0
306,H,H,H,H,H,H,H=6,100.0%,No Mutation,None,0,0,0,0
307,P,P,P,P,P,P,P=6,100.0%,No Mutation,None,0,0,0,0
308,E,E,E,E,E,E,E=6,100.0%,No Mutation,None,0,0,0,0
309,W,W,W,W,W,W,W=6,100.0%,No Mutation,None,0,0,0,0
310,G,G,G,G,G,G,G=6,100.0%,No Mutation,None,0,0,0,0
311,D,D,D,D,D,D,D=6,100.0%,No Mutation,None,0,0,0,0
312,E,E,E,E,E,E,E=6,100.0%,No Mutation,None,0,0,0,0
313,Q,Q,Q,Q,Q,Q,Q=6,100.0%,No Mutation,None,0,0,0,0
314,L,L,L,L,L,L,L=6,100.0%,No Mutation,None,0,0,0,0
315,F,F,F,F,F,F,F=6,100.0%,No Mutation,None,0,0,0,0
316,Q,Q,Q,Q,Q,Q,Q=6,100.0%,No Mutation,None,0,0,0,0
317,T,T,T,T,T,T,T=6,100.0%,No Mutation,None,0,0,0,0
318,S,S,S,S,S,S,S=6,100.0%,No Mutation,None,0,0,0,0
319,R,R,R,R,R,R,R=6,100.0%,No Mutation,None,0,0,0,0
320,L,L,L,L,L,L,L=6,100.0%,No Mutation,None,0,0,0,0
321,I,I,I,I,I,I,I=6,100.0%,No Mutation,None,0,0,0,0
322,L,L,L,L,L,L,L=6,100.0%,No Mutation,None,0,0,0,0
323,I,I,I,I,I,I,I=6,100.0%,No Mutation,None,0,0,0,0
324,G,G,G,G,G,G,G=6,100.0%,No Mutation,None,0,0,0,0
325,E,E,E,E,E,E,E=6,100.0%,No Mutation,None,0,0,0,0
326,T,T,T,T,T,T,T=6,100.0%,No Mutation,None,0,0,0,0
327,I,I,I,I,I,I,I=6,100.0%,No Mutation,None,0,0,0,0
328,K,K,K,K,K,K,K=6,100.0%,No Mutation,None,0,0,0,0
329,I,I,I,I,I,I,I=6,100.0%,No Mutation,None,0,0,0,0
330,V,V,V,V,V,V,V=6,100.0%,No Mutation,None,0,0,0,0
331,I,I,I,I,I,I,I=6,100.0%,No Mutation,None,0,0,0,0
332,E,E,E,E,E,E,E=6,100.0%,No Mutation,None,0,0,0,0
333,D,D,D,D,D,D,D=6,100.0%,No Mutation,None,0,0,0,0
334,Y,Y,Y,Y,Y,Y,Y=6,100.0%,No Mutation,None,0,0,0,0
335,V,V,V,V,V,V,V=6,100.0%,No Mutation,None,0,0,0,0
336,Q,Q,Q,Q,Q,Q,Q=6,100.0%,No Mutation,None,0,0,0,0
337,H,H,H,H,H,H,H=6,100.0%,No Mutation,None,0,0,0,0
338,L,L,L,L,L,L,L=6,100.0%,No Mutation,None,0,0,0,0
339,S,S,S,S,S,S,S=6,100.0%,No Mutation,None,0,0,0,0
340,G,G,G,G,G,G,G=6,100.0%,No Mutation,None,0,0,0,0
341,Y,Y,Y,Y,Y,Y,Y=6,100.0%,No Mutation,None,0,0,0,0
342,H,H,H,H,H,H,H=6,100.0%,No Mutation,None,0,0,0,0
343,F,F,F,F,F,F,F=6,100.0%,No Mutation,None,0,0,0,0
344,K,K,K,K,K,K,K=6,100.0%,No Mutation,None,0,0,0,0
345,L,L,L,L,L,L,L=6,100.0%,No Mutation,None,0,0,0,0
346,K,K,K,K,K,K,K=6,100.0%,No Mutation,None,0,0,0,0
347,F,F,F,F,F,F,F=6,100.0%,No Mutation,None,0,0,0,0
348,D,D,D,D,D,D,D=6,100.0%,No Mutation,None,0,0,0,0
349,P,P,P,P,P,P,P=6,100.0%,No Mutation,None,0,0,0,0
350,E,E,E,E,E,E,E=6,100.0%,No Mutation,None,0,0,0,0
351,L,L,L,L,L,L,L=6,100.0%,No Mutation,None,0,0,0,0
352,L,L,L,L,L,L,L=6,100.0%,No Mutation,None,0,0,0,0
353,F,F,F,F,F,F,F=6,100.0%,No Mutation,None,0,0,0,0
354,N,N,N,N,N,N,N=6,100.0%,No Mutation,None,0,0,0,0
355,K,K,K,K,K,K,K=6,100.0%,No Mutation,None,0,0,0,0
356,Q,Q,Q,Q,Q,Q,Q=6,100.0%,No Mutation,None,0,0,0,0
357,F,F,F,F,F,F,F=6,100.0%,No Mutation,None,0,0,0,0
358,Q,Q,Q,Q,Q,Q,Q=6,100.0%,No Mutation,None,0,0,0,0
359,Y,Y,Y,Y,Y,Y,Y=6,100.0%,No Mutation,None,0,0,0,0
360,Q,Q,Q,Q,Q,Q,Q=6,100.0%,No Mutation,None,0,0,0,0
361,N,N,N,N,N,N,N=6,100.0%,No Mutation,None,0,0,0,0
362,R,R,R,R,R,R,R=6,100.0%,No Mutation,None,0,0,0,0
363,I,I,I,I,I,I,I=6,100.0%,No Mutation,None,0,0,0,0
364,A,A,A,A,A,A,A=6,100.0%,No Mutation,None,0,0,0,0
365,A,A,A,A,A,A,A=6,100.0%,No Mutation,None,0,0,0,0
366,E,E,E,E,E,E,E=6,100.0%,No Mutation,None,0,0,0,0
367,F,F,F,F,F,F,F=6,100.0%,No Mutation,None,0,0,0,0
368,N,N,N,N,N,N,N=6,100.0%,No Mutation,None,0,0,0,0
369,T,T,T,T,T,T,T=6,100.0%,No Mutation,None,0,0,0,0
370,L,L,L,L,L,L,L=6,100.0%,No Mutation,None,0,0,0,0
371,Y,Y,Y,Y,Y,Y,Y=6,100.0%,No Mutation,None,0,0,0,0
372,H,H,H,H,H,H,H=6,100.0%,No Mutation,None,0,0,0,0
373,W,W,W,W,W,W,W=6,100.0%,No Mutation,None,0,0,0,0
374,H,H,H,H,H,H,H=6,100.0%,No Mutation,None,0,0,0,0
375,P,P,P,P,P,P,P=6,100.0%,No Mutation,None,0,0,0,0
376,L,L,L,L,L,L,L=6,100.0%,No Mutation,None,0,0,0,0
377,L,L,L,L,L,L,L=6,100.0%,No Mutation,None,0,0,0,0
378,P,P,P,P,P,P,P=6,100.0%,No Mutation,None,0,0,0,0
379,D,D,D,D,D,D,D=6,100.0%,No Mutation,None,0,0,0,0
380,T,T,T,T,T,T,T=6,100.0%,No Mutation,None,0,0,0,0
381,F,F,F,F,F,F,F=6,100.0%,No Mutation,None,0,0,0,0
382,Q,Q,Q,Q,Q,Q,Q=6,100.0%,No Mutation,None,0,0,0,0
383,I,I,I,I,I,I,I=6,100.0%,No Mutation,None,0,0,0,0
384,H,H,H,H,H,H,H=6,100.0%,No Mutation,None,0,0,0,0
385,D,D,D,D,D,D,D=6,100.0%,No Mutation,None,0,0,0,0
386,Q,Q,Q,Q,Q,Q,Q=6,100.0%,No Mutation,None,0,0,0,0
387,K,K,K,K,K,K,K=6,100.0%,No Mutation,None,0,0,0,0
388,Y,Y,Y,Y,Y,Y,Y=6,100.0%,No Mutation,None,0,0,0,0
389,N,N,N,N,N,N,N=6,100.0%,No Mutation,None,0,0,0,0
390,Y,Y,Y,Y,Y,Y,Y=6,100.0%,No Mutation,None,0,0,0,0
391,Q,Q,Q,Q,Q,Q,Q=6,100.0%,No Mutation,None,0,0,0,0
392,Q,Q,Q,Q,Q,Q,Q=6,100.0%,No Mutation,None,0,0,0,0
393,F,F,F,F,F,F,F=6,100.0%,No Mutation,None,0,0,0,0
394,I,I,I,I,I,I,I=6,100.0%,No Mutation,None,0,0,0,0
395,Y,Y,Y,Y,Y,Y,Y=6,100.0%,No Mutation,None,0,0,0,0
396,N,N,N,N,N,N,N=6,100.0%,No Mutation,None,0,0,0,0
397,N,N,N,N,N,N,N=6,100.0%,No Mutation,None,0,0,0,0
398,S,S,S,S,S,S,S=6,100.0%,No Mutation,None,0,0,0,0
399,I,I,I,I,I,I,I=6,100.0%,No Mutation,None,0,0,0,0
400,L,L,L,L,L,L,L=6,100.0%,No Mutation,None,0,0,0,0
401,L,L,L,L,L,L,L=6,100.0%,No Mutation,None,0,0,0,0
402,E,E,E,E,E,E,E=6,100.0%,No Mutation,None,0,0,0,0
403,H,H,H,H,H,H,H=6,100.0%,No Mutation,None,0,0,0,0
404,G,G,G,G,G,G,G=6,100.0%,No Mutation,None,0,0,0,0
405,I,I,I,I,I,I,I=6,100.0%,No Mutation,None,0,0,0,0
406,T,T,T,T,T,T,T=6,100.0%,No Mutation,None,0,0,0,0
407,Q,Q,Q,Q,Q,Q,Q=6,100.0%,No Mutation,None,0,0,0,0
408,F,F,F,F,F,F,F=6,100.0%,No Mutation,None,0,0,0,0
409,V,V,V,V,V,V,V=6,100.0%,No Mutation,None,0,0,0,0
410,E,E,E,E,E,E,E=6,100.0%,No Mutation,None,0,0,0,0
411,S,S,S,S,S,S,S=6,100.0%,No Mutation,None,0,0,0,0
412,F,F,F,F,F,F,F=6,100.0%,No Mutation,None,0,0,0,0
413,T,T,T,T,T,T,T=6,100.0%,No Mutation,None,0,0,0,0
414,R,R,R,R,R,R,R=6,100.0%,No Mutation,None,0,0,0,0
415,Q,Q,Q,Q,Q,Q,Q=6,100.0%,No Mutation,None,0,0,0,0
416,I,I,I,I,I,I,I=6,100.0%,No Mutation,None,0,0,0,0
417,A,A,A,A,A,A,A=6,100.0%,No Mutation,None,0,0,0,0
418,G,G,G,G,G,G,G=6,100.0%,No Mutation,None,0,0,0,0
419,R,R,R,R,R,R,R=6,100.0%,No Mutation,None,0,0,0,0
420,V,V,V,V,V,V,V=6,100.0%,No Mutation,None,0,0,0,0
421,A,A,A,A,A,A,A=6,100.0%,No Mutation,None,0,0,0,0
422,G,G,G,G,G,G,G=6,100.0%,No Mutation,None,0,0,0,0
423,G,G,G,G,G,G,G=6,100.0%,No Mutation,None,0,0,0,0
424,R,R,R,R,R,R,R=6,100.0%,No Mutation,None,0,0,0,0
425,N,N,N,N,N,N,N=6,100.0%,No Mutation,None,0,0,0,0
426,V,V,V,V,V,V,V=6,100.0%,No Mutation,None,0,0,0,0
427,P,P,P,P,P,P,P=6,100.0%,No Mutation,None,0,0,0,0
428,P,P,P,P,P,P,P=6,100.0%,No Mutation,None,0,0,0,0
429,A,A,A,A,A,A,A=6,100.0%,No Mutation,None,0,0,0,0
430,V,V,V,V,V,V,V=6,100.0%,No Mutation,None,0,0,0,0
431,Q,Q,Q,Q,Q,Q,Q=6,100.0%,No Mutation,None,0,0,0,0
432,K,K,K,K,K,K,K=6,100.0%,No Mutation,None,0,0,0,0
433,V,V,V,V,V,V,V=6,100.0%,No Mutation,None,0,0,0,0
434,S,S,S,S,S,S,S=6,100.0%,No Mutation,None,0,0,0,0
435,Q,Q,Q,Q,Q,Q,Q=6,100.0%,No Mutation,None,0,0,0,0
436,A,A,A,A,A,A,A=6,100.0%,No Mutation,None,0,0,0,0
437,S,S,S,S,S,S,S=6,100.0%,No Mutation,None,0,0,0,0
438,I,I,I,I,I,I,I=6,100.0%,No Mutation,None,0,0,0,0
439,D,D,D,D,D,D,D=6,100.0%,No Mutation,None,0,0,0,0
440,Q,Q,Q,Q,Q,Q,Q=6,100.0%,No Mutation,None,0,0,0,0
441,S,S,S,S,S,S,S=6,100.0%,No Mutation,None,0,0,0,0
442,R,R,R,R,R,R,R=6,100.0%,No Mutation,None,0,0,0,0
443,Q,Q,Q,Q,Q,Q,Q=6,100.0%,No Mutation,None,0,0,0,0
444,M,M,M,M,M,M,M=6,100.0%,No Mutation,None,0,0,0,0
445,K,K,K,K,K,K,K=6,100.0%,No Mutation,None,0,0,0,0
446,Y,Y,Y,Y,Y,Y,Y=6,100.0%,No Mutation,None,0,0,0,0
447,Q,Q,Q,Q,Q,Q,Q=6,100.0%,No Mutation,None,0,0,0,0
448,S,S,S,S,S,S,S=6,100.0%,No Mutation,None,0,0,0,0
449,F,F,F,F,F,F,F=6,100.0%,No Mutation,None,0,0,0,0
450,N,N,N,N,N,N,N=6,100.0%,No Mutation,None,0,0,0,0
451,E,E,E,E,E,E,E=6,100.0%,No Mutation,None,0,0,0,0
452,Y,Y,Y,Y,Y,Y,Y=6,100.0%,No Mutation,None,0,0,0,0
453,R,R,R,R,R,R,R=6,100.0%,No Mutation,None,0,0,0,0
454,K,K,K,K,K,K,K=6,100.0%,No Mutation,None,0,0,0,0
455,R,R,R,R,R,R,R=6,100.0%,No Mutation,None,0,0,0,0
456,F,F,F,F,F,F,F=6,100.0%,No Mutation,None,0,0,0,0
457,M,M,M,M,M,M,M=6,100.0%,No Mutation,None,0,0,0,0
458,L,L,L,L,L,L,L=6,100.0%,No Mutation,None,0,0,0,0
459,K,K,K,K,K,K,K=6,100.0%,No Mutation,None,0,0,0,0
460,P,P,P,P,P,P,P=6,100.0%,No Mutation,None,0,0,0,0
461,Y,Y,Y,Y,Y,Y,Y=6,100.0%,No Mutation,None,0,0,0,0
462,E,E,E,E,E,E,E=6,100.0%,No Mutation,None,0,0,0,0
463,S,S,S,S,S,S,S=6,100.0%,No Mutation,None,0,0,0,0
464,F,F,F,F,F,F,F=6,100.0%,No Mutation,None,0,0,0,0
465,E,E,E,E,E,E,E=6,100.0%,No Mutation,None,0,0,0,0
466,E,E,E,E,E,E,E=6,100.0%,No Mutation,None,0,0,0,0
467,L,L,L,L,L,L,L=6,100.0%,No Mutation,None,0,0,0,0
468,T,T,T,T,T,T,T=6,100.0%,No Mutation,None,0,0,0,0
469,G,G,G,G,G,G,G=6,100.0%,No Mutation,None,0,0,0,0
470,E,E,E,E,E,E,E=6,100.0%,No Mutation,None,0,0,0,0
471,K,K,K,K,K,K,K=6,100.0%,No Mutation,None,0,0,0,0
472,E,E,E,E,E,E,E=6,100.0%,No Mutation,None,0,0,0,0
473,M,M,M,M,M,M,M=6,100.0%,No Mutation,None,0,0,0,0
474,S,S,S,S,S,S,S=6,100.0%,No Mutation,None,0,0,0,0
475,A,A,A,A,A,A,A=6,100.0%,No Mutation,None,0,0,0,0
476,E,E,E,E,E,E,E=6,100.0%,No Mutation,None,0,0,0,0
477,L,L,L,L,L,L,L=6,100.0%,No Mutation,None,0,0,0,0
478,E,E,E,E,E,E,E=6,100.0%,No Mutation,None,0,0,0,0
479,A,A,A,A,A,A,A=6,100.0%,No Mutation,None,0,0,0,0
480,L,L,L,L,L,L,L=6,100.0%,No Mutation,None,0,0,0,0
481,Y,Y,Y,Y,Y,Y,Y=6,100.0%,No Mutation,None,0,0,0,0
482,G,G,G,G,G,G,G=6,100.0%,No Mutation,None,0,0,0,0
483,D,D,D,D,D,D,D=6,100.0%,No Mutation,None,0,0,0,0
484,I,I,I,I,I,I,I=6,100.0%,No Mutation,None,0,0,0,0
485,D,D,D,D,D,D,D=6,100.0%,No Mutation,None,0,0,0,0
486,A,A,A,A,A,A,A=6,100.0%,No Mutation,None,0,0,0,0
487,V,V,V,V,V,V,V=6,100.0%,No Mutation,None,0,0,0,0
488,E,E,E,E,E,E,E=6,100.0%,No Mutation,None,0,0,0,0
489,L,L,L,L,L,L,L=6,100.0%,No Mutation,None,0,0,0,0
490,Y,Y,Y,Y,Y,Y,Y=6,100.0%,No Mutation,None,0,0,0,0
491,P,P,P,P,P,P,P=6,100.0%,No Mutation,None,0,0,0,0
492,A,A,A,A,A,A,A=6,100.0%,No Mutation,None,0,0,0,0
493,L,L,L,L,L,L,L=6,100.0%,No Mutation,None,0,0,0,0
494,L,L,L,L,L,L,L=6,100.0%,No Mutation,None,0,0,0,0
495,V,V,V,V,V,V,V=6,100.0%,No Mutation,None,0,0,0,0
496,E,E,E,E,E,E,E=6,100.0%,No Mutation,None,0,0,0,0
497,K,K,K,K,K,K,K=6,100.0%,No Mutation,None,0,0,0,0
498,P,P,P,P,P,P,P=6,100.0%,No Mutation,None,0,0,0,0
499,R,R,R,R,R,R,R=6,100.0%,No Mutation,None,0,0,0,0
500,P,P,P,P,P,P,P=6,100.0%,No Mutation,None,0,0,0,0
501,D,D,D,D,D,D,D=6,100.0%,No Mutation,None,0,0,0,0
502,A,A,A,A,A,A,A=6,100.0%,No Mutation,None,0,0,0,0
503,I,I,I,I,I,I,I=6,100.0%,No Mutation,None,0,0,0,0
504,F,F,F,F,F,F,F=6,100.0%,No Mutation,None,0,0,0,0
505,G,G,G,G,G,G,G=6,100.0%,No Mutation,None,0,0,0,0
506,E,E,E,E,E,E,E=6,100.0%,No Mutation,None,0,0,0,0
507,T,T,T,T,T,T,T=6,100.0%,No Mutation,None,0,0,0,0
508,M,M,M,M,M,M,M=6,100.0%,No Mutation,None,0,0,0,0
509,V,V,V,V,V,V,V=6,100.0%,No Mutation,None,0,0,0,0
510,E,E,E,E,E,E,E=6,100.0%,No Mutation,None,0,0,0,0
511,V,V,V,V,V,V,V=6,100.0%,No Mutation,None,0,0,0,0
512,G,G,G,G,G,G,G=6,100.0%,No Mutation,None,0,0,0,0
513,A,A,A,A,A,A,A=6,100.0%,No Mutation,None,0,0,0,0
514,P,P,P,P,P,P,P=6,100.0%,No Mutation,None,0,0,0,0
515,F,F,F,F,F,F,F=6,100.0%,No Mutation,None,0,0,0,0
516,S,S,S,S,S,S,S=6,100.0%,No Mutation,None,0,0,0,0
517,L,L,L,L,L,L,L=6,100.0%,No Mutation,None,0,0,0,0
518,K,K,K,K,K,K,K=6,100.0%,No Mutation,None,0,0,0,0
519,G,G,G,G,G,G,G=6,100.0%,No Mutation,None,0,0,0,0
520,L,L,L,L,L,L,L=6,100.0%,No Mutation,None,0,0,0,0
521,M,M,M,M,M,M,M=6,100.0%,No Mutation,None,0,0,0,0
522,G,G,G,G,G,G,G=6,100.0%,No Mutation,None,0,0,0,0
523,N,N,N,N,N,N,N=6,100.0%,No Mutation,None,0,0,0,0
524,V,V,V,V,V,V,V=6,100.0%,No Mutation,None,0,0,0,0
525,I,I,I,I,I,I,I=6,100.0%,No Mutation,None,0,0,0,0
526,C,C,C,C,C,C,C=6,100.0%,No Mutation,None,0,0,0,0
527,S,S,S,S,S,S,S=6,100.0%,No Mutation,None,0,0,0,0
528,P,P,P,P,P,P,P=6,100.0%,No Mutation,None,0,0,0,0
529,A,A,A,A,A,A,A=6,100.0%,No Mutation,None,0,0,0,0
530,Y,Y,Y,Y,Y,Y,Y=6,100.0%,No Mutation,None,0,0,0,0
531,W,W,W,W,W,W,W=6,100.0%,No Mutation,None,0,0,0,0
532,K,K,K,K,K,K,K=6,100.0%,No Mutation,None,0,0,0,0
533,P,P,P,P,P,P,P=6,100.0%,No Mutation,None,0,0,0,0
534,S,S,S,S,S,S,S=6,100.0%,No Mutation,None,0,0,0,0
535,T,T,T,T,T,T,T=6,100.0%,No Mutation,None,0,0,0,0
536,F,F,F,F,F,F,F=6,100.0%,No Mutation,None,0,0,0,0
537,G,G,G,G,G,G,G=6,100.0%,No Mutation,None,0,0,0,0
538,G,G,G,G,G,G,G=6,100.0%,No Mutation,None,0,0,0,0
539,E,E,E,E,E,E,E=6,100.0%,No Mutation,None,0,0,0,0
540,V,V,V,V,V,V,V=6,100.0%,No Mutation,None,0,0,0,0
541,G,G,G,G,G,G,G=6,100.0%,No Mutation,None,0,0,0,0
542,F,F,F,F,F,F,F=6,100.0%,No Mutation,None,0,0,0,0
543,Q,Q,Q,Q,Q,Q,Q=6,100.0%,No Mutation,None,0,0,0,0
544,I,I,I,I,I,I,I=6,100.0%,No Mutation,None,0,0,0,0
545,I,I,I,I,I,I,I=6,100.0%,No Mutation,None,0,0,0,0
546,N,N,N,N,N,N,N=6,100.0%,No Mutation,None,0,0,0,0
547,T,T,T,T,T,T,T=6,100.0%,No Mutation,None,0,0,0,0
548,A,A,A,A,A,A,A=6,100.0%,No Mutation,None,0,0,0,0
549,S,S,S,S,S,S,S=6,100.0%,No Mutation,None,0,0,0,0
550,I,I,I,I,I,I,I=6,100.0%,No Mutation,None,0,0,0,0
551,Q,Q,Q,Q,Q,Q,Q=6,100.0%,No Mutation,None,0,0,0,0
552,S,S,S,S,S,S,S=6,100.0%,No Mutation,None,0,0,0,0
553,L,L,L,L,L,L,L=6,100.0%,No Mutation,None,0,0,0,0
554,I,I,I,I,I,I,I=6,100.0%,No Mutation,None,0,0,0,0
555,C,C,C,C,C,C,C=6,100.0%,No Mutation,None,0,0,0,0
556,N,N,N,N,N,N,N=6,100.0%,No Mutation,None,0,0,0,0
557,N,N,N,N,N,N,N=6,100.0%,No Mutation,None,0,0,0,0
558,V,V,V,V,V,V,V=6,100.0%,No Mutation,None,0,0,0,0
559,K,K,K,K,K,K,K=6,100.0%,No Mutation,None,0,0,0,0
560,G,G,G,G,G,G,G=6,100.0%,No Mutation,None,0,0,0,0
561,C,C,C,C,C,C,C=6,100.0%,No Mutation,None,0,0,0,0
562,P,P,P,P,P,P,P=6,100.0%,No Mutation,None,0,0,0,0
563,F,F,F,F,F,F,F=6,100.0%,No Mutation,None,0,0,0,0
564,T,T,T,T,T,T,T=6,100.0%,No Mutation,None,0,0,0,0
565,S,S,S,S,S,S,S=6,100.0%,No Mutation,None,0,0,0,0
566,F,F,F,F,F,F,F=6,100.0%,No Mutation,None,0,0,0,0
567,S,S,S,S,S,S,S=6,100.0%,No Mutation,None,0,0,0,0
568,V,V,V,V,V,V,V=6,100.0%,No Mutation,None,0,0,0,0
569,P,P,P,P,P,P,P=6,100.0%,No Mutation,None,0,0,0,0
570,-,D,D,D,D,D,-=1; D=5,83.33%,Mutation,gcf1:Insertion | gcf2:Insertion | gcf3:Insertion | gcf4:Insertion | gcf5:Insertion,5,0,0,0
571,-,P,P,P,P,P,-=1; P=5,83.33%,Mutation,gcf1:Insertion | gcf2:Insertion | gcf3:Insertion | gcf4:Insertion | gcf5:Insertion,5,0,0,0
572,-,E,E,E,E,E,-=1; E=5,83.33%,Mutation,gcf1:Insertion | gcf2:Insertion | gcf3:Insertion | gcf4:Insertion | gcf5:Insertion,5,0,0,0
573,-,L,L,L,L,L,-=1; L=5,83.33%,Mutation,gcf1:Insertion | gcf2:Insertion | gcf3:Insertion | gcf4:Insertion | gcf5:Insertion,5,0,0,0
574,-,I,I,I,I,I,-=1; I=5,83.33%,Mutation,gcf1:Insertion | gcf2:Insertion | gcf3:Insertion | gcf4:Insertion | gcf5:Insertion,5,0,0,0
575,-,K,K,K,K,K,-=1; K=5,83.33%,Mutation,gcf1:Insertion | gcf2:Insertion | gcf3:Insertion | gcf4:Insertion | gcf5:Insertion,5,0,0,0
576,-,T,T,T,T,T,-=1; T=5,83.33%,Mutation,gcf1:Insertion | gcf2:Insertion | gcf3:Insertion | gcf4:Insertion | gcf5:Insertion,5,0,0,0
577,-,V,V,V,V,V,-=1; V=5,83.33%,Mutation,gcf1:Insertion | gcf2:Insertion | gcf3:Insertion | gcf4:Insertion | gcf5:Insertion,5,0,0,0
578,-,T,T,T,T,T,-=1; T=5,83.33%,Mutation,gcf1:Insertion | gcf2:Insertion | gcf3:Insertion | gcf4:Insertion | gcf5:Insertion,5,0,0,0
579,-,I,I,I,I,I,-=1; I=5,83.33%,Mutation,gcf1:Insertion | gcf2:Insertion | gcf3:Insertion | gcf4:Insertion | gcf5:Insertion,5,0,0,0
580,-,N,N,N,N,N,-=1; N=5,83.33%,Mutation,gcf1:Insertion | gcf2:Insertion | gcf3:Insertion | gcf4:Insertion | gcf5:Insertion,5,0,0,0
581,-,A,A,A,A,A,-=1; A=5,83.33%,Mutation,gcf1:Insertion | gcf2:Insertion | gcf3:Insertion | gcf4:Insertion | gcf5:Insertion,5,0,0,0
582,-,S,S,S,S,S,-=1; S=5,83.33%,Mutation,gcf1:Insertion | gcf2:Insertion | gcf3:Insertion | gcf4:Insertion | gcf5:Insertion,5,0,0,0
583,-,S,S,S,S,S,-=1; S=5,83.33%,Mutation,gcf1:Insertion | gcf2:Insertion | gcf3:Insertion | gcf4:Insertion | gcf5:Insertion,5,0,0,0
584,-,S,S,S,S,S,-=1; S=5,83.33%,Mutation,gcf1:Insertion | gcf2:Insertion | gcf3:Insertion | gcf4:Insertion | gcf5:Insertion,5,0,0,0
585,-,R,R,R,R,R,-=1; R=5,83.33%,Mutation,gcf1:Insertion | gcf2:Insertion | gcf3:Insertion | gcf4:Insertion | gcf5:Insertion,5,0,0,0
586,-,S,S,S,S,S,-=1; S=5,83.33%,Mutation,gcf1:Insertion | gcf2:Insertion | gcf3:Insertion | gcf4:Insertion | gcf5:Insertion,5,0,0,0
587,-,G,G,G,G,G,-=1; G=5,83.33%,Mutation,gcf1:Insertion | gcf2:Insertion | gcf3:Insertion | gcf4:Insertion | gcf5:Insertion,5,0,0,0
588,-,L,L,L,L,L,-=1; L=5,83.33%,Mutation,gcf1:Insertion | gcf2:Insertion | gcf3:Insertion | gcf4:Insertion | gcf5:Insertion,5,0,0,0
589,-,D,D,D,D,D,-=1; D=5,83.33%,Mutation,gcf1:Insertion | gcf2:Insertion | gcf3:Insertion | gcf4:Insertion | gcf5:Insertion,5,0,0,0
590,-,D,D,D,D,D,-=1; D=5,83.33%,Mutation,gcf1:Insertion | gcf2:Insertion | gcf3:Insertion | gcf4:Insertion | gcf5:Insertion,5,0,0,0
591,-,I,I,I,I,I,-=1; I=5,83.33%,Mutation,gcf1:Insertion | gcf2:Insertion | gcf3:Insertion | gcf4:Insertion | gcf5:Insertion,5,0,0,0
592,-,N,N,N,N,N,-=1; N=5,83.33%,Mutation,gcf1:Insertion | gcf2:Insertion | gcf3:Insertion | gcf4:Insertion | gcf5:Insertion,5,0,0,0
593,-,P,P,P,P,P,-=1; P=5,83.33%,Mutation,gcf1:Insertion | gcf2:Insertion | gcf3:Insertion | gcf4:Insertion | gcf5:Insertion,5,0,0,0
594,-,T,T,T,T,T,-=1; T=5,83.33%,Mutation,gcf1:Insertion | gcf2:Insertion | gcf3:Insertion | gcf4:Insertion | gcf5:Insertion,5,0,0,0
595,-,V,V,V,V,V,-=1; V=5,83.33%,Mutation,gcf1:Insertion | gcf2:Insertion | gcf3:Insertion | gcf4:Insertion | gcf5:Insertion,5,0,0,0
596,-,L,L,L,L,L,-=1; L=5,83.33%,Mutation,gcf1:Insertion | gcf2:Insertion | gcf3:Insertion | gcf4:Insertion | gcf5:Insertion,5,0,0,0
597,-,L,L,L,L,L,-=1; L=5,83.33%,Mutation,gcf1:Insertion | gcf2:Insertion | gcf3:Insertion | gcf4:Insertion | gcf5:Insertion,5,0,0,0
598,-,K,K,K,K,K,-=1; K=5,83.33%,Mutation,gcf1:Insertion | gcf2:Insertion | gcf3:Insertion | gcf4:Insertion | gcf5:Insertion,5,0,0,0
599,-,E,E,E,E,E,-=1; E=5,83.33%,Mutation,gcf1:Insertion | gcf2:Insertion | gcf3:Insertion | gcf4:Insertion | gcf5:Insertion,5,0,0,0
600,-,R,R,R,R,R,-=1; R=5,83.33%,Mutation,gcf1:Insertion | gcf2:Insertion | gcf3:Insertion | gcf4:Insertion | gcf5:Insertion,5,0,0,0
601,-,S,S,S,S,S,-=1; S=5,83.33%,Mutation,gcf1:Insertion | gcf2:Insertion | gcf3:Insertion | gcf4:Insertion | gcf5:Insertion,5,0,0,0
602,-,T,T,T,T,T,-=1; T=5,83.33%,Mutation,gcf1:Insertion | gcf2:Insertion | gcf3:Insertion | gcf4:Insertion | gcf5:Insertion,5,0,0,0
603,-,E,E,E,E,E,-=1; E=5,83.33%,Mutation,gcf1:Insertion | gcf2:Insertion | gcf3:Insertion | gcf4:Insertion | gcf5:Insertion,5,0,0,0
604,-,L,L,L,L,L,-=1; L=5,83.33%,Mutation,gcf1:Insertion | gcf2:Insertion | gcf3:Insertion | gcf4:Insertion | gcf5:Insertion,5,0,0,0
